;V-0286;TOYOTA;2FG25 /40/;SOLD;;;;;;;
;V-0453;LINDE;E15;V2;CS1;O;42;A;M-0484;;
;V-0478;STILL;R60-18;V2;HSZTJ;;8;D;M-0891;;
;V-0482;KOMATSU;SG07L-3;V2;CS1;O;29;B;;;
;V-0507;TOYOTA;2FG05 /CLUTCH/;V1;BE;BTE;4;E;;;
;V-0544;KOMATSU;FB10EXF-8;V1;BE;BFE;13;C;;;
;V-0565;STILL;EGU20 short;V2;CS1;O;50;C;;;
;V-0566;STILL;EGU20 short;V2;CS1;O;50;C;;;
;V-0567;STILL;EGU20 short;V2;CS1;O;50;C;;;
;V-0573;JUNGHEINRICH;HC12;V1;SZ;RIR;;;;;
;V-0591;KOMATSU;FB10EX-10;V2;CS1;O;30;A;;;
;V-0627;LINDE;T20B;SOLD;;;;;;;
;V-0629;MIC;A20;V2;CS1;O;45;B;;;
;V-0640;JUNGHEINRICH;ELE16-20 /INITIAL LIFT/;V1;BE;RTE;4;B;;;
;V-0694;JUNGHEINRICH;EFGDH15GE115-290Z;V2;CS1;O;44;A;M-0661;;
;V-0698;JUNGHEINRICH;EJC16G;V1;SZ;SAT;6;F;;;
;V-0722;JUNGHEINRICH;ERC14;V2;HSZTJ;;5;C;M-0604;;
;V-0724;JUNGHEINRICH;ERC14;V2;HSZTJ;;4;C;M-0602;;
;V-0725;JUNGHEINRICH;ERC14;V2;HSZTJ;;4;C;M-0603;;
;V-0728;LINDE;L10 /379/ WIDE /USA STANDART/;V2;CS1;O;49;C;;;
;V-0748;KOMATSU;FB13M-2;V2;CS1;O;43;A;;;
;V-0750;KOMATSU;FB13M-3;V2;CS1;O;43;A;M-0437;;
;V-0757;KOMATSU;FB15RL-8;V2;CS2;;18;J;M-0649;;
;V-0764;LINDE;E15;V2;CS1;O;41;A;M-0457;;
;V-0766;KOMATSU;FG35ZT-7 LEO;V2;CS1;H;28;C;;;
;V-0799;JUNGHEINRICH;EJD20-3;V2;CS1;O;40;C;;;
;V-0800;KOMATSU;FB13M-2;V1;BE;BFE;7;C;M-0407;;
;V-0806;JUNGHEINRICH;EJC16;V2;CS1;O;39;C;;;
;V-0807;ATLET;200TLL;V2;CS1;O;45;C;;;
;V-0808;AICHI;EDP 2001-P Long;V2;CS1;O;50;A;;;
;V-0809;JUNGHEINRICH;EJE20;V2;CS1;O;45;C;;;
;V-0816;JUNGHEINRICH;EJC12;V2;CS1;O;40;C;;;
;V-0838;LINDE;T18;V2;CS1;O;48;C;;;
;V-0840;LINDE;T20;V2;CS1;O;48;C;;;
;V-0875;KOMATSU;FB15-5;V2;HSZTJ;;8;E;M-0298;;
;V-0895;KOMATSU;FB18M-3 /DEFECT NOT WORKING/;V2;CS1;O;42;A;;;
;V-0923;Z  SAXON RECOND;MOBILE RAMP !NOT FOR SALE!;V2;BEJ;;;;;;
;V-0962;STEINBOCK BOSS;WP12;V2;CS1;O;44;B;;;
;V-0970;JUNGHEINRICH;EJC16G;V2;CS1;O;39;B;M-0176;;
;V-0978;BALKANCAR;EP012;V2;CS2;;5;E;;;
;V-0979;BALKANCAR;EP012;V2;CS2;;6;E;;;
;V-0981;JUNGHEINRICH;EMB10 SWIFT /FLEX.WIDE LEGS/FORKS/;V2;CS1;O;45;A;;;
;V-0998;JUNGHEINRICH;ERC12 short;V2;HSZTJ;;3;C;M-0605;;
;V-1038;KOMATSU;FD30T-1E1;V2;CS2;;2;I;M-0623;;
;V-1045;STILL;R50-15;V1;SZ;M2FO;6;A;M-0853;;
;V-1051;LINDE;L12/AS /379/ WIDE/FORKS;V2;CS1;O;47;A;;;
;V-1052;LINDE;L14 /372/ SHORT LEGS;V2;CS1;O;48;C;;;
;V-1053;STILL;EGU20 SHORT;V1;SZ;M2FO;4;C;;;
;V-1055;LINDE;T20;V2;CS1;O;48;C;;;
;V-1056;LINDE;T20 /360/ 1500Long ;V2;CS1;O;50;C;;;
;V-1058;BALKANCAR;ET508;V2;CS1;M;1;A;;;
;V-1059;BALKANCAR;ET508;V2;CS1;M;1;A;;;
;V-1060;BALKANCAR;EV606-332;V1;BE;BFE;5;C;;;
;V-1061;MIC;A20;V2;CS1;O;46;C;;;
;V-1063;JUNGHEINRICH;EJE20;V2;CS1;O;45;C;;;
;V-1082;RAK;2A;V2;HSZTJ; ;6;A;M-0764;;
;V-1118;TOYOTA;6FDF25 /62/;V2;CS1;E;3;C;;;
;V-1123;KOMATSU;FD30T-1E1;V1;SZ;M1PA ;;;;;
;V-1127;JUNGHEINRICH;EJC16G;V2;CS1;O;39;C;;;
;V-1140;HYSTER;P20S;V2;CS1;O;46;C;;;
;V-1147;KOMATSU;FG20T-14 LEO+;V2;CS1;E;5;D;;;
;V-1149;TOYOTA;2TD-25 /CLUTCH/;V2;CS2;;17;E;;;
;V-1206;BT;CBG25;V1;BE;BTE;16;E;;;
;V-1225;STILL;EGV16;V1;SZ;FBG;;;;;
;V-1237;LINDE;T20B /360/ WIDE /USA STANDART/;V2;CS1;O;50;C;;;
;V-1240;TRACMA;TEG1500;V2;CS2;;19;D;;;
;V-1241;DESTA;DVHM1622N;V2;HSZTJ;;9;D;M-1079;;
;V-1256;YANG-YAM PUMA;PUMA FD25;V1;BE;UJE;1;B;;;
;V-1264;MITSUBISHI;FG35K;V2;CS1;E;18;F;;;
;V-1291;JUNGHEINRICH;EFG D 0,1 G 80-450 DZ /NOT WORKING/;V2;HSZTJ;;3;A;M-0833;;
;V-1292;PRAMAC LIFTER;QX20S4 1150/550 /DEMO/;V1;BE;RTE;4;C;;;
;V-1303;TOYOTA;6FGF-30 /02/;V2;CS1;E;12;F;;;
;V-1313;JUNGHEINRICH;EJE20 /INITIAL LIFT/;V1;BE;RTE;4;B;;;
;V-1315;NISSAN;UGJ02A30;V2;CS1;E;13;F;;;
;V-1329;NISSAN;FD02-A25Q;V2;CS1;E;7;C;;;
;V-1333;KOMATSU;FG07-3 /CLUTCH/;V1;BE;BTE;1;E;;;
;V-1336;KOMATSU;FG10T-16 LEO;V2;CS1;E;17;D;;;
;V-1359;KOMATSU;FG20HT-12 LEO;V2;CS1;E;5;D;;;
;V-1393;LINDE;L12 /141/;V2;CS1;O;47;C;;;
;V-1399;KOMATSU;FG35T-7 LEO;V2;CS2;;6;J;;A-0123;
;V-1400;KOMATSU;FG20T-12 LEO;V2;CS1;E;3;D;;;
;V-1428;JUNGHEINRICH;EJE20 /INITIAL LIFT/;V2;CS1;O;45;C;;;
;V-1436;STILL;R60-25;V2;HSZTJ;;8;B;M-0321;;
;V-1458;KOMATSU;FG30ST-12 LEO;V2;CS1;O;33;C;;;
;V-1468;LINDE;T18 WIDE LONG /USA STANDART/;V2;CS1;O;50;C;;;
;V-1470;HYSTER;E1,50XM /NOT WORKING/;V2;HSZTJ;;4;A;;;
;V-1480;DAEWOO;GC20E;V1;BE;RFE;8;C;;;
;V-1482;CATERPILLAR;GP40;V2;CS1;H;28;B;;;
;V-1505;KOMATSU;FG60T-6;V2;CS2;;18;H;;A-0211;
;V-1507;JUNGHEINRICH;ERC14;V2;HSZTJ;;5;C;;;
;V-1557;HAULOTTE;H68 /20420MM/;V2;EKJ;;;;;;
;V-1558;PRAMAC LIFTER;GX10/20;V1;BE;RTE;4;C;;;
;V-1562;JLG;40RTS;V1;BE;UBE;6;B;;;
;V-1568;ATLET;200TLL;V2;CS1;O;45;C;;;
;V-1569;ATLET;200TLL;V1;BE;RTE;4;C;;;
;V-1571;TOTALLIFTER;H10E /TRSE0001/;V1;BE;BPA;7;B;;;
;V-1572;TOTALLIFTER;H10E /TRSE0001/;V1;BE;BPA;8;D;;;
;V-1573;TOTALLIFTER;H10E /TRSE0001/;V1;BE;BPA;9;E;;;
;V-1574;MIC;A18;V1;BE;RTE;3;C;;;
;V-1577;MIC;A22T/BV54/115;V2;CS1;O;46;B;;;
;V-1588;STILL;EGU18;V2;CS1;O;46;C;;;
;V-1610;KOMATSU;FG40T-1E1;V2;CS1;H;28;C;;;
;V-1624;NISSAN;EH02A25U;V1;BE;BFE;2;A;;;
;V-1630;CATERPILLAR;GP30T;V2;CS1;E;10;F;;;
;V-1637;CATERPILLAR;MC60DSA /DEFECT NOT WORKING/;V2;HSZTJ;;;;;;
;V-1649;JUNGHEINRICH;EJCA12,5;V2;CS1;O;39;C;;;
;V-1650;AICHI;SX015;V1;BE;BPA;9;A;;;
;V-1665;SIMONA;MB800;V1;SZ;SAT;6;A;;;
;V-1666;SIMONA;MB800;V1;SZ;SAT;6;A;;;
;V-1667;JUNGHEINRICH;EJC16;V2;CS1;O;39;C;;;
;V-1674;KALMAR;EL6-600;V2;CS2;;18;I;;A-0115;
;V-1678;LINDE;E16C02 /335/;V2;CS1;O;39;A;;;
;V-1679;KOMATSU;FD35ZT-7 LEO;V2;CS1;H;28;F;;;
;V-1681;CATERPILLAR;GPL40T;V2;CS1;E;13;A;M-0621;;
;V-1684;KOMATSU;FB15RJ-8;V2;CS2;;19;J;M-0645;;
;V-1691;KOMATSU;FG20HT-12 LEO;V2;CS2;;11;J;;;
;V-1697;GROVE;AMZ51XT;V2;CS2;;20;F;;;
;V-1747;TRACMA;TMX20;V2;CS2;;20;B;;;
;V-1758;ROFAN;ZH44;V2;CS2;;20;E;;;
;V-1763;KOMATSU;FG15HT-17 LEO+;V2;CS1;E;19;D;;;
;V-1769;TOYOTA;4QBW9 /NOT WORKING/;V1;BE;BPA;3;E;;;
;V-1770;STEINBOCK BOSS;336H501P179;V2;BEJ;;6;;;;
;V-1774;DESTA;DVHM1622N;V2;HSZTJ;;9;E;;;
;V-1778;CLARK;CMP15L;V1;BE;RFE;7;B;;;
;V-1781;STILL;R60-16;V2;HSZTJ;;8;C;;;
;V-1790;KOMATSU;FG25HT-12 LEO;V2;CS1;E;4;D;;;
;V-1798;SALEV;C150HYDPDJ;V1;BE;UJE;5;B;;A-0200;
;V-1799;HAULOTTE;HA121;V1;SZ;M2FO;5;C;;;
;V-1810;DAEWOO;G45SC2;V2;CS1;H;28;D;M-0622;;
;V-1813;DAEWOO;D30E3;V2;CS1;E;14;F;;;
;V-1818;LINDE;E15 /324/;V2;CS1;O;41;A;M-0547;;
;V-1819;NISSAN;FD01A18Q;V2;CS1;E;12;C;;;
;V-1821;NISSAN;H01A15;V2;CS2;;10;F;;;
;V-1824;NISSAN;NH01A15;V1;SZ;SAUD;9;C;M-0510;;
;V-1827;CATERPILLAR;GP18N;V1;BE;BTE;7;A;;;
;V-1835;SPYKSTAHL;1240;V2;CS2;;4;E;;;
;V-1837;TOYOTA;3FD-14 /CLUTCH/;V1;BE;SAB;12;A;;;
;V-1840;KOMATSU;FD15HT-15;SOLD;;;;;;;
;V-1863;EZGO;TXT;V2;CS1;I;3;C;;;
;V-1864;KOMATSU;FD20T-12 LEO;V2;CS1;E;1;E;;;
;V-1865;STEINBOCK BOSS;WP10MKVIA-1;V1;BE;RTE;4;C;;;
;V-1867;KOMATSU;FB15-M2;V1;SZ;LAU;;;;;
;V-1868;NISSAN;EGH02-A30;V1;SZ;M1SZ;;;M-0628;A-0160;
;V-1872;TOYOTA;5FD-25 /02/;V2;CS1;E;7;B;;;
;V-1885;AICHI;GUTBROD B660E /NOT WORKING/;V1;BE;BPA;3;E;;;
;V-1887;STEINBOCK BOSS;547/MK5B-3;V2;BEJ;;3;;;;
;V-1888;CATERPILLAR;GP45K;V2;CS1;H;27;B;;;
;V-1889;NISSAN;F04D40HQ;V2;CS1;E;14;A;;;
;V-1890;KOMATSU;FD30T-12 LEO;V2;CS1;E;24;C;;;
;V-1891;CATERPILLAR;DP70K;V2;CS2;;7;C;;;
;V-1900;KOMATSU;FG15HT-17 LEO+;V2;CS1;E;18;D;M-0654;;
;V-1905;KOMATSU;FG15HT-17 LEO+;V2;CS1;E;19;D;;;
;V-1909;NISSAN;FJ02A20U;V2;CS2;;19;G;;;
;V-1914;KALMAR;DCD80-9H;V2;CS2;;12;C;;;
;V-1917;CATERPILLAR;GP30N;V2;CS1;E;9;F;;;
;V-1920;NISSAN;HT01;V2;CS2;;17;B;;;
;V-1921;TOYOTA;5FD20 /02/;V2;CS1;E;4;C;;;
;V-1924;MITSUBISHI;FD30TAC;V2;CS2;;4;I;;;
;V-1937;KOMATSU;FD25T-12 LEO;V2;CS2;;18;G;;;
;V-1938;KOMATSU;FD25T-14 LEO+;V2;CS2;;18;F;M-0638;;
;V-1940;TOYOTA;6FD-40 /02/;V2;CS1;E;19;A;;;
;V-1947;KOMATSU;FD10T-20R NXT;V1;BE;SAJ;1;B;;;
;V-1949;KOMATSU;FD40ZT-8 LEO CX;V2;CS2;;15;I;;A-0196;
;V-1960;PRAMAC LIFTER;TX12/25;V1;BE;BPA;8;A;;;
;V-1965;ROFAN;Z44;V2;CS2;;20;D;;;
;V-1967;LINDE;L14 /365/;V1;BE;RTE;1;B;;;
;V-1968;MIC;G100MB;V1;BE;BPA;9;A;;;
;V-1970;Z  SAXON RECOND;EGV1000;V1;BE;RTE;2;A;;;
;V-1971;Z  SAXON RECOND;EGV1000;V1;BE;RTE;2;B;;;
;V-1972;TENNANT;WSE7265;V1;BE;BEJ;;;;;
;V-1975;DAEWOO;D70S;V2;CS2;;3;C;;A-0383;
;V-1976;JUNGHEINRICH;TFG430;V2;CS1;E;15;F;;;
;V-1977;LINDE;L10AS /379/ spec With Forks ;V2;CS1;O;46;A;;;
;V-1978;LINDE;T16 /360/ short;V2;CS1;O;47;C;;;
;V-1980;BT;C4G300E;V2;CS2;;6;J;M-0569;;
;V-1985;NISSAN;PJ01A15U;V1;SZ;LAF;7;;;;
;V-1986;NISSAN;FJ01A15U;V2;CS1;E;12;C;;;
;V-1989;KOMATSU;FD20T-11E;V2;CS1;E;1;D;;;
;V-1990;KOMATSU;FD 25T-8;V1;BE;BFE;5;A;;;
;V-1995;STEINBOCK BOSS;546-5C2;V2;BEJ;;4;;;;
;V-1997;EZGO;F102;V1;SZ;PAR;4;A;;;
;V-1998;EZGO;F102;V1;SZ;PAR;1;B;;;
;V-2002;THOMAS;T83S;SOLD;;;;;;;
;V-2003;KOMATSU;FG70T-6;V2;CS2;;4;C;;A-0157;
;V-2009;LINDE;E18P-02 /335/;V2;CS1;O;29;A;M-0567;;
;V-2010;MITSUBISHI;FD30T /PYROBAN/ /NOT WORKING/;V1;BE;BFE;9;A;M-0210;;
;V-2012;HAULOTTE;OPTIMUM 6;V1;BE;BFE;2;C;;;
;V-2013;TOYOTA;3FD60;V2;CS2;;7;C;;;
;V-2019;STILL;R80-20;V2;CS2;;3;E;;;
;V-2023;BT;LSV1250/11;V1;BE;RTE;3;A;M-0668;;
;V-2024;MANITOU LOC MANULOC;A14 D29;V1;BE;RTE;2;A;;;
;V-2025;TOYOTA;7FGF30 /02/;V2;CS1;E;11;F;;;
;V-2029;JUNGHEINRICH;EJC12,5;V1;SZ;FBG;;;;;
;V-2032;NISSAN;NP1F1A15D;V1;BE;BTE;16;A;;;
;V-2033;NISSAN;NP1F1A15D;V2;CS1;E;19;C;;;
;V-2036;NISSAN;NP1F1A15D;V2;CS1;E;19;C;;;
;V-2037;NISSAN;P1F1A15J;V2;CS1;E;18;C;;;
;V-2040;EZGO;TE2PDS;V2;CS1;I;3;A;;;
;V-2044;KOMATSU;FG25HT-12 LEO;SOLD;;;;;;;
;V-2046;LINDE;R14X /116/;V2;CS2;;20;J;;;
;V-2047;LINDE;T18 /360/ Long ;V2;CS1;O;50;C;;;
;V-2052;TOYOTA;7FGF30 /02/;V2;CS1;E;11;F;;;
;V-2053;STILL;R60-16 /NOT WORKING/;V2;HSZTJ;;8;D;M-0823;;
;V-2054;LINDE;E16C-02 /335/;V2;CS1;O;40;A;;;
;V-2055;BALKANCAR;EV695;V2;CS1;O;29;C;M-0685;;
;V-2056;STILL;EFG2,5/6003;V2;HSZTJ;;8;B;M-0307;;
;V-2065;STILL;EGV14 /ANTIEXPLOSION/;V2;CS1;O;38;B;;;
;V-2066;LINDE;L10 /379/;V2;CS1;O;41;C;;;
;V-2067;TRACMA;TD2500;V2;CS2;;19;E;;;
;V-2078;BT;LSF1250/11;V1;BE;RTE;4;A;M-0688;;
;V-2079;STILL;EGU18;V2;CS1;O;46;C;;;
;V-2081;AICHI;TRAILER 2500/1250;V2;CS2;;3;E;;;
;V-2083;MITSUBISHI;FG30N;V2;CS1;E;9;F;;;
;V-2084;MITSUBISHI;FG30N;V2;CS1;E;8;F;;;
;V-2085;MITSUBISHI;FG18N;V2;CS2;;11;G;;;
;V-2087;MITSUBISHI;FG18N;V2;CS2;;12;G;;;
;V-2088;MITSUBISHI;FG18N;V2;CS2;;11;F;;;
;V-2093;KOMATSU;FG40T-7 LEO;V2;CS1;H;27;C;;A-0064;
;V-2097;LINDE;L12;V2;CS1;O;41;C;;;
;V-2098;MITSUBISHI;FG18N;V2;CS2;;12;F;;;
;V-2102;YALE;DFG15;V1;BE;SAJ;3;A;;;
;V-2107;STEINBOCK BOSS;556;V2;BEJ;;2;;;;
;V-2108;SIMAI;TED200 /NOT WORKING/;V2;CS2;;16;D;;;
;V-2109;MITSUBISHI;FD40K;V2;CS2;;15;J;;;
;V-2113;YANG-YAM PUMA;FD40;V2;CS2;;13;I;;;
;V-2120;AICHI;HONGDU HDG-2E;V1;SZ;PAR;11;B;;;
;V-2123;PEFRA;G11/1800;V2;CS1;M;1;A;;;
;V-2131;STILL;EGUS20;V2;HSZTJ;;2;C;;;
;V-2132;STILL;EGU 20S;V2;HSZTJ;;1;C;;;
;V-2133;STILL;EGU 20S;V2;HSZTJ;;2;C;;;
;V-2134;NISSAN;WG35-A40U;V2;CS1;H;28;D;;;
;V-2136;MITSUBISHI;FG18N /SIMPLE/;V1;BE;SAB;6;B;;;
;V-2141;MITSUBISHI;FD70;SOLD;;;;;;;
;V-2154;KOMATSU;FG10T-20 NXT;V2;CS2;;1;H;;;
;V-2157;NISSAN;CUGJ02E35PU;V2;CS1;O;34;C;;;
;V-2159;CATERPILLAR;GP25K;V1;BE;BTE;16;D;;;
;V-2168;JUNGHEINRICH;EJC12;V1;SZ;SAT;6;F;;;
;V-2176;HAKO;?? /NOT WORKING/;V1;BE;BPA;4;E;;;
;V-2177;KOMATSU;FD35T-8 LEO+;V2;CS2;;15;J;;A-0300;
;V-2182;TOYOTA;7FDF-15 /02/;V1;SZ;M1UD;;;;;
;V-2185;BT;PPS 1000MX;V1;BE;RTE;3;A;;;
;V-2187;LINDE;T18 /360/;V2;CS1;O;47;C;;;
;V-2190;KOMATSU;FG18LT-16 LEO;SOLD;;;;;;;
;V-2193;KOMATSU;FD30T-16R NXT+;V1;BE;BTE;12;E;;;
;V-2201;MANITOU LOC MANULOC;SLT415;V1;BE;UBE;4;C;;;
;V-2202;STILL;R06;V2;CS1;M;1;A;;;
;V-2206;BALKANCAR;DV1788 ;V1;BE;BFE;12;A;;;
;V-2207;TOYOTA;7FDA-50 /02/;V2;CS1;E;20;A;;;
;V-2210;TOYOTA;5FD20 /02/;V2;CS1;E;8;C;;;
;V-2211;NISSAN;ET02A200;V2;CS2;;18;E;;;
;V-2212;NISSAN;ET02A20U;V2;CS2;;18;E;;;
;V-2213;TOYOTA;6FDF25 /02/;V1;SZ;SAUD;4;D;;;
;V-2224;LINDE;L16 /372/;V2;CS1;O;43;C;;;
;V-2227;STEINBOCK BOSS;CD20C /NOT WORKING/;V1;SZ;SAUD;8;F;M-0643 ;;
;V-2229;YAMAHA;RHINO 660;V1;BE;IGA;;;;;
;V-2232;n/a;TOYOTA 5FBA25 ELBONTVA;ÉRTÉKEN;;;;;;;
;V-2235;PRAMAC LIFTER;TX12/29;V1;SZ;RIR;;;;;
;V-2236;STILL;EGU 20 short;V2;CS1;O;50;C;;;
;V-2237;FRANZ KAHL;EGH1000/800 /DEMO/;V1;SZ;RIR;;;;;
;V-2240;NISSAN;FH02-A25U;V1;BE;BFE;3;A;;;
;V-2242;CATERPILLAR;EP16NT;V1;BE;BFE;6;C;;;
;V-2246;TCM;FG15-N18;V1;BE;SAB;1;A;;;
;V-2249;MITSUBISHI;FG10T;V2;CS2;;14;G;M-0394;;
;V-2250;KOMATSU;FG20HT-14 LEO+;V2;CS1;E;6;D;;;
;V-2251;TOYOTA;5FDF25 /02/;V2;CS2;;17;F;;;
;V-2252;CATERPILLAR;GP18N;V2;CS1;E;20;D;;;
;V-2253;CATERPILLAR;DP18N;V2;CS1;E;14;C;;;
;V-2256;CATERPILLAR;GP25T;V2;CS1;E;9;D;;;
;V-2257;CATERPILLAR;GP20K;V2;CS2;;10;J;;;
;V-2263;KOMATSU;FD18T-15;V2;CS1;E;13;C;;;
;V-2267;STILL;EGD16;V1;BE;RTE;2;C;;;
;V-2268;CESAB;ECO-M400;V2;CS2;;18;I;;;
;V-2269;LINDE;H25D /392/;V1;BE;BTE;1;A;;;
;V-2274;CATERPILLAR;GP30N;V2;CS2;;8;J;;;
;V-2275;MITSUBISHI;FG30N;V2;CS2;;7;I;;;
;V-2276;MITSUBISHI;FG30N;V2;CS1;E;24;E;;;
;V-2277;TOYOTA;6FGF30;V1;SZ;LAF;4;;M-0671;;
;V-2279;NISSAN;BF03-A35U;V2;CS2;;17;G;;;
;V-2280;KOMATSU;FG15T-18 NXT;V1;BE;RFE;3;A;;;
;V-2281;KOMATSU;FG15T-14;V1;BE;SAB;3;B;;;
;V-2282;MITSUBISHI;FD15T;V2;CS2;;2;E;;;
;V-2285;YANG-YAM PUMA;FD30 ;V2;CS1;E;18;E;M-0673;;
;V-2288;JLG;2646E;V1;SZ;SAT;1;B;;;
;V-2291;EZGO;TXT;V2;CS1;I;3;B;;;
;V-2292;EZGO;J303;V2;CS1;I;3;B;;;
;V-2294;TCM;FD60-9;V2;CS2;;10;C;;A-0204;
;V-2296;TCM;FG15N15T;V1;BE;SAB;8;B;;;
;V-2298;NISSAN;UG1F2-A35DU;V2;CS1;E;17;F;;;
;V-2305;KOMATSU;FG20HT-16R NXT+;V2;CS1;E;6;D;;;
;V-2306;KOMATSU;FG30-16R NXT+;V2;CS1;E;4;F;;;
;V-2311;DAEWOO;D25S-3;V2;CS2;;19;H;;;
;V-2315;CATERPILLAR;DP25K;V2;CS2;;19;H;;;
;V-2322;NISSAN;WGF03-A35U;V2;CS1;H;28;A;;;
;V-2323;CATERPILLAR;GP45K;V2;CS2;;12;J;;;
;V-2324;TCM;FG40-T8;V2;CS2;;13;J;;;
;V-2328;CATERPILLAR;GP25K;V1;BE;RFE;3;C;;;
;V-2333;CATERPILLAR;GP15N;V2;CS2;;12;F;;;
;V-2334;MITSUBISHI;FG15N;V2;CS1;E;20;D;;;
;V-2336;LINDE;L12 /379/;V1;BE;RTE;1;A;M-0697;;
;V-2337;TOYOTA;7FBMF16;V1;BE;BFE;14;C;;;
;V-2340;TOYOTA;7FGF-18 /42/;V2;CS1;E;20;C;;;
;V-2347;HYSTER;H1,6FT;V2;CS2;;4;G;;;
;V-2349;CATERPILLAR;GP30N;V2;CS2;;7;J;;;
;V-2351;NISSAN;FJ01-A15U;V2;CS2;;2;F;;;
;V-2352;LINDE;H16D-03 /350/;V2;CS2;;11;E;;;
;V-2354;HYSTER;S2,0XMS;V2;CS1;O;32;C;M-0284;;
;V-2356;MIC;G12-350T;V2;CS1;O;43;B;;;
;V-2358;TOYOTA;6FDF40 /02/;V2;CS2;;12;J;;A-0315;
;V-2362;TRACMA;TMX 30;V2;CS2;;20;C;;;
;V-2364;MANITOU LOC MANULOC;1932ES;V1;BE;BFE;3;C;;;
;V-2366;GROVE;TOUCAN 860;V1;SZ;SAT;6;B;;;
;V-2370;DAEWOO;DOOSAN D30S5;V2;CS1;E;21;F;M-0559;;
;V-2372;DAEWOO;D30S3;V2;CS2;;1;I;M-0343;;
;V-2373;DAEWOO;D30S;V2;CS1;E;20;F;M-0475;;
;V-2375;KOMATSU;FG15LT-18 NXT;V2;CS2;;2;H;;;
;V-2376;TOYOTA;2FG07 /CLUTCH/;V1;BE;BTE;3;E;;;
;V-2378;TOYOTA;6FGF15 /42/;V2;CS2;;14;G;M-0539;;
;V-2386;TCM;FG25N5T ;V1;SZ;SAUD;7;C;;;
;V-2388;NISSAN;H01-A15U;V2;BEJ;;;;M-0367;;
;V-2389;NISSAN;EH02-A20U;V2;CS2;;19;F;;;
;V-2391;LINDE;L14 /372/;V2;CS1;O;43;B;M-0103;;
;V-2392;LINDE;E16C-02 /335/;V2;CS1;O;40;A;M-0440;;
;V-2394;LINDE;H16T-03 /350/;V2;CS1;O;33;A;M-0277;;
;V-2395;KOMATSU;FG15HT-1E1;V2;CS2;;6;F;M-0359;;
;V-2396;NISSAN;UGJ02-A30U;V2;CS2;;7;J;;;
;V-2398;NISSAN;FGJ02-A30U;V2;CS2;;4;I;M-0449;;
;V-2399;NISSAN;DFO05A70U;V2;CS2;;9;C;M-0216;A-0224;
;V-2400;CATERPILLAR;GP30K;SOLD;;;;;;;
;V-2402;LINDE;H16T /350/;V2;CS1;O;34;A;M-0712;;
;V-2404;CATERPILLAR;GP18N;V1;BE;SAB;6;A;;;
;V-2409;HYSTER;H1,75XM;V1;BE;RFE;8;A;M-0763;;
;V-2415;KOMATSU;FD10C-18 NXT /CLUTCH/;V2;CS1;E;15;C;;;
;V-2416;BALKANCAR;EV 720. SPEC;V2;CS1;O;29;C;M-0760;;
;V-2417;KOMATSU;FG25T-12 LEO;V1;BE;RFE;3;B;;;
;V-2418;YANG-YAM PUMA;FG15;V1;SZ;SAUD;6;D;;;
;V-2421;NISSAN;FD05-A70U;V2;CS2;;10;C;;A-0321(/0275??);
;V-2423;LINDE;E20-01 /336/;V1;SZ;M1VE;;;M-0772;;SOLD
;V-2424;STEINBOCK BOSS;556 MK-5B-3;V2;BEJ;;1;;;;
;V-2431;NISSAN;FJ02A-25U;V2;CS2;;19;F;;;
;V-2435;KOMATSU;FG15T-17 LEO+;V1;BE;SAB;2;B;;;
;V-2437;STILL;EXU20AC Long;V2;CS1;O;47;B;;;
;V-2442;NISSAN;UGL02-A35DU;V2;CS1;E;17;F;;;
;V-2446;CATERPILLAR;GP25N;V2;CS1;E;7;D;;;
;V-2447;CATERPILLAR;GP25N;V2;CS1;E;8;D;;;
;V-2449;CATERPILLAR;GP20N;V2;CS2;;10;J;;;
;V-2451;HYSTER;H1,75XM;V2;CS2;;4;F;M-0273;;
;V-2454;CATERPILLAR;GC15N (C3000);V2;CS1;O;33;C;M-0778;;
;V-2457;MITSUBISHI;FGC25K;V1;BE;RFE;9;C;M-0819;;
;V-2458;NISSAN;CPJ02-A25;V1;BE;RFE;9;C;M-0820;;
;V-2459;TCM;FCG15-N5;V1;BE;SAB;10;B;M-0577;;
;V-2460;NISSAN;NL01-M15J /CLUTCH/;V1;BE;BTE;4;A;;;
;V-2461;NISSAN;CHP02-A20PV;V1;SZ;M1SZ;;;M-0485;;
;V-2463;NISSAN;UD02-A25PQ;V2;CS1;E;13;D;;;
;V-2464;NISSAN;FJ02-A25U;V2;CS2;;3;J;M-0811;;
;V-2472;TOYOTA;6FDF25 /02/;V2;CS1;E;3;C;;;
;V-2475;LINDE;H35T /393/;V2;CS1;H;25;F;M-0256;;
;V-2476;TOYOTA;7FD45  /42/;V2;CS1;E;20;A;;;
;V-2479;YANG-YAM PUMA;FD25;V2;CS1;E;8;C;;;
;V-2481;JUNGHEINRICH;EJC12,5;V2;CS1;O;39;C;;;
;V-2483;NISSAN;UD02-A25PQ;V2;CS1;E;11;D;;;
;V-2488;SIMAI;TTE40AC;V2;CS1;M;1;A;;;
;V-2489;NISSAN;FD01-A18PQ;V2;CS1;E;10;C;;;
;V-2491;NISSAN;UD02-A25PQ;V1;BE;UBH;10;A;;;
;V-2496;TOYOTA;7FGF18;V2;CS1;E;21;C;M-0482;;
;V-2500;TOYOTA;5FG15 /40/;V1;SZ;M1FE;;;;A-0161;SOLD
;V-2502;LINDE;L20 /372/;V1;BE;BTE;2;A;;;
KÉRDÉS;V-2504;BALKANCAR;DV1784.33.23;V2;HSZTJ;;9;C;;;
;V-2509;STEINBOCK BOSS;WP12;V2;CS1;O;44;C;;;
;V-2510;STEINBOCK BOSS;WP12;V2;CS1;O;44;C;;;
;V-2511;STEINBOCK BOSS;WP13 290T;V2;CS1;O;44;C;;;
;V-2512;LINDE;E16C-02 /335/ /NOT WORKING/;V1;BE;BFE;3;B;;;
;V-2513;LINDE;L12 /379/;V1;BE;RTE;4;A;;;
;V-2515;STILL;EGU 18;V2;CS1;O;46;C;;;
;V-2524;LINDE;P60Z;V2;CS1;M;1;A;;;
;V-2526;HYSTER;S1,6;V1;BE;RTE;1;B;;;
;V-2527;LINDE;E18P /335/;V1;SZ;M2FO;2;C;;;
;V-2528;MEGA;MARKER;V1;SZ;PAR;13;B;;;
;V-2530;JLG;TOUCAN DUO;V1;SZ;M1VE;;;;;
;V-2534;TOYOTA;7FG45 /02/ /NOT WORKING/;V1;SZ;SAUD;7;A;;;
;V-2535;KOMATSU;FD30T-12 LEO;V2;CS2;;2;J;;;
;V-2536;LINDE;P60Z /126/;V2;CS1;M;1;A;;;
;V-2538;LINDE;R14 /113/;V2;CS2;;20;H;M-0077;;
;V-2539;LINDE;K10 /007/;V2;CS1;O;50;A;;;
;V-2541;LINDE;L12-AS /379/ spec With Forks;V2;CS1;O;47;A;;;
;V-2546;HYSTER;S1.0-1760;V1;BE;RTE;3;B;;;
;V-2547;HYSTER;S1.0-1760;V1;BE;RTE;1;B;;;
;V-2548;TOYOTA;7FGL-10 /CLUTCH;V1;SZ;M1SZ;;;;;SOLD
;V-2549;STEINBOCK BOSS;337-504;V2;BEJ;;8;;;;
;V-2555;KOMATSU;FD35T-10 NXT;V2;CS1;E;14;A;;;
;V-2556;TCM;FHG15-N8;V1;BE;SAB;7;B;M-0832;;
;V-2558;NISSAN;UD02-A25PQ;V1;BE;BTE;14;A;;;
;V-2559;NISSAN;UD02-A25PQ;V2;CS1;E;12;D;;;
;V-2563;TKD;1800;V2;EKJ;;;;;;
;V-2565;NISSAN;FG2500;V2;CS2;;18;D;;;
;V-2566;NISSAN;FG2500;V2;CS2;;18;B;;;
;V-2567;NISSAN;HT-01;V2;CS2;;16;B;;;
;V-2568;JUNGHEINRICH;EJD 20;V1;SZ;SAT;6;E;;;
;V-2569;MIC;G12;V2;CS1;O;43;C;;;
;V-2571;KOMATSU;FG35ZT-6;V2;CS1;E;12;A;;;
;V-2574;TOYOTA;2TG-20 /BAD WORKING/;V2;HSZTJ;;10;B;;;
;V-2575;TOYOTA;2TG-20 /NOT WORKING/;V1;SZ;M1UD;;;;;
;V-2576;TOYOTA;7FDJF-35 /02/;V2;CS1;E;23;E;;;
;V-2577;CHINESE;DYC1000;SOLD;;;;;;;
;V-2578;TCM;FD50T-8;V2;CS1;E;9;A;;;
;V-2579;NISSAN;TD2500;V2;CS2;;18;C;;;
;V-2585;TOYOTA;7FG35 /02/;V2;CS1;E;21;A;M-0218;;
;V-2595;LINDE; L16L /133/;V2;CS1;O;42;C;;;
;V-2596;LINDE;L10B /172/;V2;CS1;O;42;C;;;
;V-2605;KOMATSU;FD15T-16 LEO;V1;BE;BTE;11;A;;;
;V-2606;KOMATSU;FD30T-16R NXT;V2;CS1;E;23;B;;;
;V-2607;KOMATSU;FD30T-16R NXT;V2;CS1;E;23;C;;;
;V-2608;KOMATSU;FG18HT-17 LEO+;V1;BE;SAB;3;A;;;
;V-2610;KOMATSU;FB15-M2;V1;SZ;M1UD;;;;;
;V-2612;TKD;1800;V2;EKJ;;;;;;
;V-2613;KOMATSU;FD15T-12;V1;BE;SAJ;7;B;;;
;V-2619;TCM;FD15;V1;SZ;SAUD;11;E;;;
;V-2624;SOVAM;K22;V2;CS2;;19;E;;;
;V-2625;TOYOTA;5FG15 /02/;V1;BE;UBH;10;C;;;SOLD
;V-2627;MITSUBISHI;FG30TAC;V2;CS2;;8;J;;;
;V-2628;LINDE;H16T /391/;V2;CS1;O;37;A;;;
;V-2629;NISSAN;FJ02A25U;V2;CS1;E;6;C;;;
;V-2631;KOMATSU;FD30T-14 LEO+;V2;CS1;E;24;C;;;
;V-2632;MANITOU LOC MANULOC;MT1232ST;V1;BE;UBE;9;A;;;AKTÍV 2020.01.01.
;V-2637;EZGO;X-1500;V1;SZ;PAR;10;B;;;
;V-2647;KOMATSU;FG20-7;V1;SZ;SAUD;10;A;;;
;V-2648;HYSTER;H50H;V1;SZ;SAUD;12;A;;;
;V-2650;STEINBOCK BOSS;336H-D;V1;SZ;FES;;;;;
;V-2653;CLUBCAR;??;V2;CS1;I;1;A;;;
;V-2654;CATERPILLAR;EC30K;V2;CS1;O;31;C;;;
;V-2657;JUNGHEINRICH;EMC 10G SWIFT;SOLD;;;;;;;
;V-2658;LINDE;E40P /337/;V2;CS2;;9;E;;;
;V-2663;BOBCAT;320D EXCAVATOR;V1;BE;UBE;1;B;;;
;V-2665;PRAMAC LIFTER;LX14/45;V1;BE;RTE;3;C;M-0652;;
;V-2666;HYSTER;H 4,00XM-6;V2;CS1;E;6;A;;;
;V-2668;KOMATSU;FD35T-7 LEO;V2;CS1;H;28;E;;A-0101;
;V-2670;TOYOTA;6FG30 /02/;V2;CS1;E;12;F;;;
;V-2671;LINDE;E16C-02 /335/;V2;CS1;O;39;A;M-0522;;
;V-2672;STILL;EGV1600;V1;BE;RTE;2;C;;;
;V-2673;STILL;EGV1600;V2;CS1;O;43;C;;;
;V-2674;STILL;EGV1600;V2;CS1;O;43;C;;;
;V-2682;CATERPILLAR;GP35N;V2;CS1;E;8;F;M-0413;;
;V-2685;HYSTER;H30XM;V1;SZ;M1UD;;;M-0767;;
;V-2686;KOMATSU;FG30T-15 NXT;V2;CS1;E;5;F;;;
;V-2687;LINDE;H18T-03 /350/;V2;CS1;O;33;A;M-0635;;
;V-2689;LINDE;H18T-02 /350/;SOLD;;;;;;;
;V-2691;LINDE;E18C /335/;V2;CS1;O;38;A;M-0532;;
;V-2696;STEINBOCK BOSS;WP12;V1;BE;RTE;4;C;;;
;V-2699;TOYOTA;6FG20 /42/;V2;CS2;;11;J;M-0625;;
;V-2700;NISSAN;L01A-18JU;V1;BE;BTE;6;A;;;
;V-2701;TCM;FD40T-9;V2;CS1;H;27;A;M-0805;;
;V-2703;TOYOTA;7FG25 /40/;V2;CS1;E;10;D;;;
;V-2704;CATERPILLAR;EP18KT;V1;SZ;M2FO;3;B;;;
;V-2705;KOMATSU;FG20T-7;V1;SZ;SAUD;9;A;;;
;V-2706;CATERPILLAR;GP30T;V2;CS2;;8;I;;;
;V-2707;CLARK;GPM25;V1;SZ;SAUD;14;B;;;
;V-2708;MATRBO;726T;SOLD;;;;;;;
;V-2713;LINDE;L12 /379/ wide;V2;CS1;O;48;C;;;
;V-2714;BT;ERGOMOVER 608 A;V1;BE;BPA;8;E;;;
;V-2715;BALKANCAR;DV1788 /NOT WORKING/;V2;HSZTJ;;10;D;;;
;V-2717;JUNGHEINRICH;EJC-B10G SPEC WITH FORKS & SS.;V1;BE;RTE;1;B;;A-0388;
;V-2718;KOMATSU;FD40-5;V2;CS2;;14;I;;;
;V-2719;STILL;EXV 12LI;V1;BE;RTE;2;B;;;
;V-2722;LINDE;L12 LHP /1333/;V1;BE;RTE;4;A;;;
;V-2723;JUNGHEINRICH;EJC 110;V1;BE;RTE;4;B;;;
;V-2724;JUNGHEINRICH;EJC 115;V1;BE;RTE;1;B;;;
;V-2725;JUNGHEINRICH;EJC-Z14;V1;SZ;SAT;6;E;;;
;V-2726;KOMATSU;FG45T-4 /DO BRASIL/;V1;BE;BEJ;;;M-0190;;
;V-2727;NISSAN;EH02-F25U;V2;CS1;E;6;C;M-0857;;
;V-2730;HC HANGCHA;HANSELIFTER CDP35;V2;CS1;E;20;F;M-0797;;
;V-2731;MANITOU LOC MANULOC;LOC A10 ETVDC29;V1;BE;RTE;1;A;;;
;V-2736;STILL;EGV-10;V1;SZ;SAT;4;E;;;
;V-2737;LINDE;E48P /337/;V1;SZ;M2FE;;;;A-0181;
;V-2741;YALE;GPL16VX;V2;CS2;;3;F;;;
;V-2742;YALE;GLP16VX;V1;BE;RFE;8;C;M-0864;;
;V-2743;YALE;GLP16VX;V2;CS2;;4;G;;;
;V-2744;YALE;GLP16VX;V2;CS2;;3;G;;;
;V-2747;UPRIGHT;SL20;V1;SZ;SAT;4;A;;;
;V-2748;UPRIGHT;TM12;V1;BE;BFE;1;C;;;
KÉRDÉS;V-2750;LINDE;T16L /360/;V2;CS1;O;42;C;;;
;V-2751;LINDE;L10B /379;V2;CS1;O;41;C;;;
;V-2753;LINDE;H16 /350/;SOLD;;;;;;;
;V-2754;TOYOTA;7FBMF30;V1;SZ;M2FO;1;B;;;
;V-2756;KOOI-AAP;Z1-15X1520;V2;CS1;H;26;A;;A-0202;
;V-2758;JUNGHEINRICH;EMC B10 SWIFT /FLEX.WIDE LEGS/FORKS;V2;CS1;O;37;C;;;
;V-2759;JUNGHEINRICH;EMC B10 SWIFT /FLEX.WIDE LEGS/;V2;CS1;O;37;C;;;
;V-2763;LINDE;H16T /350/;V2;CS2;;5;G;;;
;V-2764;LINDE;H16T /350/;V2;CS2;;5;G;;;
;V-2765;LINDE;CITI 500;V1;SZ;IFO;;;;;
;V-2767;n/a;CLUBCAR PRECEDENT ELBONTVA;ÉRTÉKEN;;;;;;;
;V-2768;CLUBCAR;PRECEDENT;V2;CS1;I;1;C;;;
;V-2771;STILL;EXV10;V1;BE;RTE;2;C;;;
;V-2772;JUNGHEINRICH;EMC B10 SWIFT /FLEX.WIDE LEGS/FORKS;V2;CS1;O;37;C;;;
;V-2774;JUNGHEINRICH;EMC B10 SWIFT /FLEX.WIDE LEGS/FORKS;V2;CS1;O;37;C;;;
;V-2775;JUNGHEINRICH;TFG 550;V2;CS1;H;27;E;;A-0127;
;V-2778;MANITOU LOC MANULOC;LOC A14-S17;V1;BE;RTE;1;A;;;
;V-2779;VOLK;EFW 0,3 /MOPED/ NOT WORKING/;V1;SZ;IFO;;;;;
;V-2780;JOHN DEERE;LR135F NSBJ 92 HYDRO;V1;SZ;M1UD;;;;;
;V-2781;HAULOTTE;OPTIMUM 8;V1;SZ;SAT;5;A;;;
;V-2782;JLG;193200;V1;BE;BFE;3;C;;;
;V-2783;UPRIGHT;MX19;V1;SZ;SAT;5;A;;;
;V-2784;UPRIGHT;SL20;V1;SZ;SAT;4;A;;;
;V-2790;GENIE;GS-2032;V1;SZ;SAT;4;B;;;
;V-2791;BALKANCAR;DV1788 /NOT WORKING/;SOLD;;;;;;;
;V-2792;CLUBCAR;?? /NOT WORKING/;V1;SZ;PAR;13;A;;;
;V-2795;JUNGHEINRICH;EJE 220;V1;SZ;SAT;5;D;;;
;V-2796;DAEWOO;G30-S2;V2;CS2;;9;I;;;
;V-2798;NISSAN;FJ02-A20D;V2;CS1;E;5;C;;;
;V-2801;TOYOTA;5FD15 /02/;V2;CS2;;1;E;M-0822;;
;V-2803;KOMATSU;FG15HT-20R;V2;CS2;;2;H;;;
;V-2808;TOYOTA;8FGF15 /42/;V1;SZ;M1UD;;;;;SOLD
;V-2809;TENNANT;6650D;V1;SZ;M1UD;;;;;
;V-2811;KOMATSU;FD40ZT-7;SOLD;;;;;;;
;V-2812;NISSAN;WF03A-35U;V2;CS1;E;16;A;;;
;V-2813;BALKANCAR;FD30 /NOT WORKING/;V1;BE;BFE;10;A;;;
;V-2815;TOYOTA;8FDF30 /02/;V1;BE;BTE;13;E;;;
;V-2817;CLUBCAR;PRECEDENT;V2;CS1;I;1;B;;;
;V-2821;KOMATSU;FG35ZT-5;V2;CS1;H;28;F;;;
;V-2822;LINDE;P30 /141/;V2;CS1;O;49;C;;;
;V-2823;KOMATSU;FD70-6;V2;BEU;;;;M-0773;A-0195;
;V-2825;MITSUBISHI;FD50K-2;V2;CS1;E;5;A;;;
;V-2826;NISSAN;MCUGL02F30 ;V2;CS1;O;34;C;M-0895;;
;V-2827;NISSAN;UG1D2A30L /SIMPLE/;V1;SZ;M1UD;;;M-0641;;
;V-2828;CATERPILLAR;GP15K;V2;CS2;;13;F;;;
;V-2831;LINDE;CITY T05 /130/;V1;SZ;RAF;;;;;
;V-2832;LINDE;CITY T05 /130/;V1;SZ;RAF;;;;;
;V-2833;LINDE;P05 /152/;V1;SZ;IFO;;;;;
;V-2834;CATERPILLAR;GC45K;V2;CS1;O;36;C;;;
;V-2835;CATERPILLAR;GC45KY;V2;CS1;O;36;C;;;
;V-2838;EZGO;TXT 36V;V2;CS1;I;;;;;
;V-2839;EZGO;MARSHELL DC-D2-C;V1;SZ;PAR;3;A;;;
;V-2840;EZGO;TXT;V1;SZ;PAR;7;A;;;
;V-2842;CLUBCAR;GOLFCAR;V2;CS1;I;1;B;;;
;V-2843;MANITOU LOC MANULOC;MC50FC 2WD;V2;CS2;;11;C;;;
;V-2845;SOVAM;K22;V2;CS2;;19;B;;;
;V-2846;TRACMA;TMX20;V2;CS2;;19;B;;;
;V-2847;MITSUBISHI;FD30N;V2;CS1;E;24;F;;;
;V-2850;NISSAN;S01-D16U;V1;BE;BFE;12;C;M-0377;;
;V-2853;LINDE;H18T;V2;CS2;;13;E;;;
;V-2857;NISSAN;FJ02-A30U;V1;BE;BTE;14;D;;;
;V-2858;NISSAN;FJ02A-25U;V2;CS2;;19;G;;;
;V-2860;MITSUBISHI;FD25K ;V2;CS1;E;11;B;;;
;V-2862;TOYOTA;5FG25 /40/;V1;SZ;M1SZ;;;;;SOLD
;V-2864;HC HANGCHA;LIFTER FLX30D;V1;BE;BTE;1;C;;;
;V-2865;KALMAR;EC2,5 541-818;V2;HSZTJ;;9;B;;;
;V-2866;PRAMAC LIFTER;GX12/29 PLUS;V1;BE;RTE;4;C;;;
;V-2869;NISSAN;AP1F2A25DU;V2;CS1;O;31;C;;;
;V-2871;CATERPILLAR;DP25K;V2;CS1;E;1;B;;;
;V-2874;MITSUBISHI;FG15T ;V2;CS1;E;20;D;;;
;V-2877;TOYOTA;6FG15 /40/;V2;CS2;;8;F;;;
;V-2878;TOYOTA;6FD30;V2;CS2;;3;J;M-0478;;
;V-2881;TCM;FG30N 5T;V2;CS2;;7;I;;;
;V-2883;DOOSAN;G30E-3;V2;CS2;;9;J;M-0097;;
;V-2884;DOOSAN;G33P-3;V2;CS2;;9;I;M-0292;;
;V-2885;DOOSAN;G33P-3;V2;CS2;;9;J;M-0473;;
;V-2886;TOYOTA;7FGF15 /42/;V2;CS2;;7;F;M-0362;;
;V-2887;NISSAN;WF03A35U;V2;CS2;;12;I;;;
;V-2889;NISSAN;AP1F2A25DU;V2;CS1;O;31;C;;;
;V-2890;LINDE;H35D  /393/;V2;CS1;H;25;E;;;
;V-2892;JUNGHEINRICH;DFG-430;V1;SZ;M1UD;;;;;
;V-2893;NISSAN;DF50A60U;V2;CS2;;8;C;;;
;V-2894;JUNGHEINRICH;EMC 10G SWIFT;V2;CS1;O;39;B;;;
;V-2896;KOMATSU;FG15HT-1E1;V2;CS2;;6;G;;;
;V-2898;JUNGHEINRICH;ETVQ-A20G-115-430ZT;V2;CS2;;19;I;;;
;V-2899;JUNGHEINRICH;EJD16-4G-119-57-166ZT;V1;BE;RTE;4;B;;;
;V-2901;LINDE;H14T /391/;V2;CS1;O;36;A;M-0314;;
;V-2903;NISSAN;UD02-A25 ;V1;BE;BTE;5;E;;;
;V-2906;KOMATSU;FG30T-16R NXT+;V2;CS1;E;3;F;M-0071;;
;V-2908;CLARK;CGP16;V1;BE;BTE;8;A;;;
;V-2909;CLARK;SF25D;V1;BE;BTE;12;A;;;
;V-2910;CLARK;SF15L;V2;CS1;E;14;D;;;
;V-2911;LINDE;H30T /351/;V2;CS2;;14;E;M-0812;;
;V-2912;KOMATSU;FD40T-7 LEO;V2;CS1;H;27;F;;;
;V-2916;LINDE;E16P-02 /335/;V1;SZ;M1FE;;;;;
KÉRDÉS;V-2917;LINDE;H30D /393/ NOT WORKING;V1;BE;BTE;1;B;;;
;V-2920;TOYOTA;7FDK-35 /02/;V2;CS1;E;18;A;;;
;V-2921;TOYOTA;5FD40 /02/ ;V2;CS1;E;18;A;;;
;V-2923;NISSAN;U1D2A25LQ ;V2;CS1;E;12;D;;;
;V-2927;JLG;1930 ES;V1;SZ;SAT;5;B;;;
;V-2928;LINDE;H45D /394/;V2;CS1;H;26;B;;;
;V-2929;TOYOTA;6FDF25 /02/;V2;CS1;E;7;C;M-0049;;
;V-2930;TOYOTA;6FDF30 /02/;V2;CS2;;3;I;;;
;V-2931;HYSTER;H2.50 XL;SOLD;;;;;;;
;V-2932;LINDE;H25D /392/ /NOT WORKING/;V2;CS2;;12;E;;;
;V-2934;TOYOTA;7FGF18 /42/;V1;SZ;M1UD;;;;;
;V-2938;HAULOTTE;OPTIMUM 8;V1;SZ;LAF;1;;;;
;V-2939;HAULOTTE;COMPACT 8;V1;SZ;FBG;2;C;;;
;V-2940;KOMATSU;FG30HT-16 NXT+;V2;CS1;E;3;F;M-0765;;
;V-2941;KOMATSU;FG30HT-16 NXT+;V2;CS1;E;6;F;M-0898;;
;V-2942;KOMATSU;FD30T-11E;V2;CS1;E;13;F;;;
;V-2943;NISSAN;FD02-A25O ;V2;CS2;;18;F;;;
;V-2944;YANMAR;B27;V2;EKJ;;;;;;
;V-2945;DOOSAN;GE25E-5;V2;CS2;;11;I;M-0888;;
;V-2946;KOMATSU;FG15T-20 NXT+;V2;CS2;;1;H;;;
;V-2947;KOMATSU;FG40ZT-7 LEO;V1;SZ;LAF;2;;;A-0299;
;V-2949;KOMATSU;FG15L-14 /CLUTCH/;V1;SZ;M1UD;;;;;
;V-2950;KOMATSU;FG30-11E;V1;BE;RFE;2;C;;;
;V-2953;VOLK;EFW 1/5;V2;CS2;;4;E;;;
;V-2955;CATERPILLAR;F30 /NOT WORKING/;V2;HSZTJ;;3;A;;;
;V-2957;STEINBOCK BOSS;337/MKVA-01;V2;BEJ;;;;;;
;V-2958;CATERPILLAR;EC30K;V2;CS1;O;30;C;;;
;V-2959;CATERPILLAR;EC30K;V1;SZ;M2FE;;;;;
;V-2960;YANG-YAM PUMA;FG15;V1;SZ;SAUD;7;D;;;
;V-2961;MITSUBISHI;FD20CN;V2;CS2;;1;F;;;
;V-2963;LINDE;L12 /379/;V2;CS1;O;47;A;;;
;V-2964;MITSUBISHI;FG30T;V1;SZ;M1SZ;;;;;
;V-2965;KOMATSU;FG30T-16 NXT;V2;CS1;E;5;F;M-0920;;
;V-2966;BALKANCAR;DV1786 (IRION DFG 25/40);V1;BE;UJH;13;B;M-0747;;
;V-2968;NISSAN;L01-A15D /DEMO/;V2;CS1;E;17;C;;;
;V-2969;MITSUBISHI;FG20CN ;V2;CS2;;12;G;M-0380;;
;V-2970;KOMATSU;FD30T-14;V2;CS1;E;24;B;;;
;V-2973;MANITOU LOC MANULOC;MVT 1130 LS;V1;BE;BEJ;;;;;
;V-2974;NISSAN;BGF03-A45U;V2;CS1;H;27;D;;;
;V-2975;KOMATSU;FG25HT-16R;V2;CS2;;11;I;;;
;V-2976;KOMATSU;FG18HT-20R NXT+ ;V1;BE;BTE;5;A;;;
;V-2977;KOMATSU;FG60T-6 /NOT WORKING/;V1;SZ;M1PA;;;;A-0389;
;V-2978;MANITOU LOC MANULOC;MT 1240 LT ;V1;BE;BEJ;;;;;
;V-2979;FRANZ KAHL;ESW1000;V1;BE;BPA;5;E;;;
;V-2980;PRAMAC LIFTER;HX10E 540;V1;BE;BPA;6;E;;;
;V-2982;CLIMAX;H10E 540;V1;BE;BPA;6;E;;;
;V-2983;BALKANCAR;T1033.2T;V1;SZ;M2FE;;;;;
;V-2984;BALKANCAR;T1033.2T;V1;SZ;M2FE;;;;;
;V-2985;BALKANCAR;T1033.2T;V1;SZ;M2FE;;;;;
;V-2986;BALKANCAR;T1033.2T;V1;SZ;M2FE;;;;;
;V-2987;TRANSLYFT;1000;V1;SZ;M2FE;;;;;
;V-2988;TRANSLYFT;1000;V1;SZ;M2FE;;;;;
;V-2989;TOYOTA;7FG15 /02/;V2;CS2;;3;G;;;
;V-2993;MITSUBISHI;FG15K;V2;CS2;;14;F;;;
;V-2994;MITSUBISHI;FG15TAC;V1;SZ;SAUD;10;C;;;
;V-2996;BAUMANN;GX70-14-45SFR;V2;BEU;;;;M-0662;;
;V-2997;TOYOTA;7FGJF35 /02/;V2;CS1;E;16;F;;;
;V-2999;AUSA;CH150 2WD;V1;BE;UBE;4;B;;;
;V-3001;KOMATSU;FD20T-11E;V2;CS1;E;1;E;;;
;V-3002;JUNGHEINRICH;DFG16;V1;SZ;SAUD;9;F;M-0234;;
;V-3006;KOMATSU;FD30T-12 LEO ;V2;CS1;E;24;B;M-0414;;
;V-3008;NISSAN;UG1D2-A30LQ;V2;CS1;E;14;F;;;
;V-3010;YALE;GDP30TF ;V2;CS1;E;22;F;;;
;V-3012;HYSTER;H50H;V1;SZ;SAUD;11;A;M-0971;;
;V-3014;TOYOTA;2FB07;V1;SZ;SAT;5;B;;;
;V-3016;n/a;NYC FB15PL-UG55BC-470MZ ELBONTVA;ÉRTÉKEN;;;;;;;
;V-3017;BT;LSV1000-E/10;V1;BE;RTE;4;A;M-0900;;
;V-3018;STILL;EGV-14;V1;BE;RTE;2;C;M-0489;;
;V-3019;TOYOTA;7FD25 /02/;V2;CS1;E;5;C;;;
;V-3022;NISSAN;U1D2A25LQ /SIMPLE/;V1;BE;RFE;2;B;;;
;V-3023;LINDE;L14AP /365/;V1;BE;RTE;4;A;;;
;V-3024;YALE;MP20X FBW;V2;CS1;O;46;C;;;
;V-3025;JUNGHEINRICH;EJC-A12 /NOT RUNNING/;V2;CS1;O;39;C;;;
;V-3026;TOYOTA;4FBA-15;SOLD;;;;;;;
;V-3027;OM PIMESPO;BI15C ;V1;BE;RFE;6;C;;;
;V-3028;TOYOTA;2FBE18;V1;BE;BFE;4;C;;;
;V-3030;TCM;FHD30T3A ;V2;CS1;E;21;F;;;
;V-3031;STILL;EXU18 ;V2;CS1;O;45;B;;;
;V-3032;STILL;EXU18 ;V2;CS1;O;45;B;;;
;V-3034;CLARK;FA20D SAMSUNG;V1;BE;BFE;4;A;;;
;V-3036;CATERPILLAR;DP40TAC;V2;CS1;H;28;B;;;
;V-3039;PRAMAC LIFTER;LX16/25;V1;BE;RTE;4;C;;;
;V-3040;CATERPILLAR;M50SA /NOT WORKING/;V1;SZ;M2FE;;;M-0964;;
;V-3041;KOMATSU;FG25HT-14 LEO+;V2;CS1;E;4;D;;;
;V-3045;MITSUBISHI;FD15T;V2;CS2;;1;F;;;
;V-3046;KOMATSU;FG45T-7 LEO;V2;CS2;;14;J;;A-0183;
;V-3049;YALE;GLP060;V1;BE;RFE;1;C;M-0967;;
;V-3050;CATERPILLAR;GC15N (C3000);V1;BE;RFE;9;A;M-0777;;
;V-3052;MITSUBISHI;FD50T;V1;SZ;SAUD;1;B;M-0911;A-0215;
;V-3053;MITSUBISHI;FD30N;V1;BE;BTE;9;E;;;
;V-3057;CLUBCAR;LIBERTY A1S2/AC/EM ;V1;SZ;PAR;2;A;;;
;V-3060;LINDE;T30 TOWING STACKER;V2;CS1;O;49;C;;;
;V-3061;LINDE;L14 /372/ /INITIAL LIFT/;V2;CS1;O;45;A;;;
;V-3062;CATERPILLAR;GC40K;V1;SZ;M1SZ;;;;;
;V-3063;NISSAN;YG1D2A30Q ;V2;CS1;E;23;F;;;
;V-3065;MITSUBISHI;FD40TAC;V2;CS1;H;27;B;;;
;V-3066;CATERPILLAR;GP18T;V2;CS2;;14;F;M-0976;;
;V-3068;CATERPILLAR;GP18N;V2;CS2;;11;G;M-0978;;
;V-3071;LINDE;H16T-01;V2;CS1;E;17;C;M-0206;;
;V-3072;LINDE;H16T;V2;CS1;O;35;A;M-0538;;
;V-3077;CLARK;CMP15D /SAMSUNG SF15/;SOLD;;;;;;;
;V-3078;MARSHELL;DG-C2-D;V1;SZ;PAR;5;A;;;
;V-3080;SOVAM;K22;V2;CS2;;19;C;;;
;V-3081;SOVAM;K22;V2;CS2;;19;D;;;
;V-3085;KOMATSU;FD25T-16R NXT+;V2;CS1;E;1;F;;;
;V-3086;LINDE;H25D /392/ ;V2;CS1;H;25;F;;A-0180;
;V-3087;LINDE;H35D /393/ NOT WORKING/;V2;CS2;;9;E;;;
;V-3089;HYSTER;H1,50XM /NOT WORKING/;V2;CS2;;4;F;;;
;V-3091;GROVE;AMZ51XT;V1;SZ;M1UD;;;;;
;V-3093;TOYOTA;7FGF15 /42/;V2;CS2;;3;F;;;
;V-3094;DOOSAN;D30S-5;V2;CS2;;1;J;M-0984;;
;V-3095;DOOSAN;D30S-5;V2;CS2;;1;I;M-0985;;
;V-3096;DOOSAN;D30S-5;V2;CS2;;1;J;M-0986;;
;V-3097;TOYOTA;8FGF-15 /02/;V2;CS2;;7;G;M-0987;;
;V-3098;TOYOTA;8FGF-15 /02/;V2;CS2;;6;F;M-0988;;
;V-3099;TOYOTA;8FGF18-32079;V1;SZ;M1UD;;;M-0989;;
;V-3100;MORA;M100C;V2;CS2;;14;C;;A-0113;AKTÍV 2020.01.01.
;V-3104;HAULOTTE;HA12-I;V1;SZ;SAT;2;A;;;
;V-3105;CATERPILLAR;GP15N;V2;CS1;E;16;D;M-0326;;
;V-3106;STILL;M15T;V1;BE;UBH;13;C;M-0981;;
;V-3108;LINDE;L12 /379/;V2;CS1;O;41;B;;;
;V-3110;OM PIMESPO;G15;SOLD;;;;;;;
;V-3111;SVETRUCK;106030;V1;SZ;M1UD;;;;A-0184;
;V-3113;TOYOTA;7FD15 /02/;V2;CS2;;2;E;;;
;V-3114;TOYOTA;5FD30 /02/;V2;CS1;E;19;F;;;
;V-3115;STEINBOCK BOSS;CL30H;V1;SZ;M1UD;;;M-0303;;
;V-3116;NISSAN;EH02A20U;V1;SZ;KSZT;;;;;SOLD
;V-3117;STÖCKLIN;EDS1200;V1;BE;RTE;2;B;;;
;V-3118;OM PIMESPO;BI15C;V1;SZ;M1UD;;;;;
;V-3119;CATERPILLAR;GP25N;V2;CS1;E;8;D;M-0499;;
;V-3120;STEINBOCK BOSS;547-5C2 /MIC/;V2;BEJ;;9;;;;
;V-3121;TOYOTA;2TD20 /CLUTCH/;V2;CS2;;17;D;;;
;V-3122;KOMATSU;FG15T-18 NXT;V2;CS1;E;16;D;;;
;V-3124;NISSAN;F1F1A15;V2;CS1;E;11;C;;;
;V-3125;KOMATSU;FD10LC-18NXT /CLUTCH/;V2;CS1;E;15;C;;;
;V-3126;NISSAN;CPJ01A15PU;V2;CS1;O;32;C;;;
;V-3127;MITSUBISHI;FG25N /FGE-25D/CLUTCH/;V1;BE;SAB;10;A;;;
;V-3129;STILL;EGV14;V1;SZ;SAT;5;F;;;
;V-3130;LINDE;H15D /330/;V1;BE;SAJ;8;A;;;
;V-3131;TCM;FG15N-15T;V1;BE;SAB;8;A;;;
;V-3132;BALKANCAR;TFG1633 /NOT WORKING/;V1;SZ;SAUD;14;C;;;
;V-3133;LINDE;L16 /372/;V2;CS1;O;43;C;;;
;V-3134;JUNGHEINRICH;EMC 10 SWIFT;V2;CS1;O;38;C;;;
;V-3136;TOYOTA;5FGF30 /02/;V1;BE;UJE;7;B;;;
;V-3138;STILL;R50-15;V1;BE;BFE;5;B;;;
;V-3139;YALE;TFG1.5;V1;BE;RFE;8;B;;;
;V-3140;LINDE;L12LAP;V1;BE;RTE;4;A;;;
;V-3143;LINDE;L14 /372/;V1;SZ;M1VE;;;;;
;V-3145;JUNGHEINRICH;EMB 10G SWIFT /FLEX.WIDE LEGS/FORKS/;V1;BE;RTE;1;A;;;
;V-3146;JUNGHEINRICH;EMB 10G SWIFT /FLEX.WIDE LEGS/FORKS/;V2;CS1;O;38;C;;;
;V-3147;LINDE;H14D /391/;V2;CS1;E;16;C;;;
;V-3148;MANITOU LOC MANULOC;STACKY 14S9SP;V1;BE;RTE;1;A;;;
;V-3150;TOYOTA;7FGF45 /02/ ;V2;CS1;E;17;A;M-0395;A-0259;
;V-3152;TOYOTA;5FB25;V1;SZ;M1UD;;;;;
;V-3153;BT;LWE130;V1;BE;RTE;1;A;;;
;V-3154;YALE;GDP30VK ;V2;CS1;E;23;C;;;
;V-3155;LINDE;H30T /393/;V2;CS2;;14;E;M-0352;;
;V-3158;TOYOTA;7FGF30 /02/ /DEMO/;V2;CS1;E;10;F;;;
;V-3159;JUNGHEINRICH;TFG320S;V1;SZ;SAUD;8;D;M-0665;;
;V-3160;CATERPILLAR;GPL40T;V2;CS1;E;4;A;;A-0079;
;V-3162;YALE;GDG70VX ;V2;CS1;E;5;A;;;
;V-3163;LINDE;H18T-01 /391/ /NOT WORKING/;V2;CS1;O;35;A;;;
;V-3164;LINDE;H18T-01 /391/ ;V2;CS1;O;36;A;;;
;V-3165;TOYOTA;7FGF18 /42/;V2;CS2;;8;G;M-0741;;
;V-3166;KALMAR;DC12-1200 /NOT WORKING/;V1;SZ;KSZT;;;;;
;V-3168;PLAN;11/S;V2;HSZTJ;;11;C;;;
;V-3169;LINDE;P60Z;V2;CS1;M;1;A;;;
;V-3170;HAKO;JONAS 1700 /NOT WORKING/;V1;SZ;HSZT;;;;;
;V-3171;LINDE;E16C-02 /335/  /NOT WORKING/;V1;SZ;SAT;1;E;;;
;V-3172;LINDE;E16-02 /335/ /NOT WORKING/;V1;SZ;M2FO;2;B;M-0762;;
;V-3173;LINDE;L16 /372/ ;V2;CS1;O;43;C;;;
;V-3174;n/a;LINDE L14 /372/ ELBONTVA;ÉRTÉKEN;;;;;;;
;V-3175;HYUNDAI HALLA;HDF45A /DEMO/;V2;CS1;E;7;A;;;
;V-3176;MITSUBISHI;FD30TAC;V1;BE;BFE;11;A;;;
;V-3178;TCM;FD60Z5 /CLUTCH/ ;V1;BE;UJE;9;B;;;
;V-3181;MITSUBISHI;FD25T;V1;BE;BTE;13;A;;;
;V-3182;LINDE;H30D /393/;V2;CS2;;11;E;;;
;V-3186;n/a;JUN EJC14G ELBONTVA;ÉRTÉKEN;;;;;;;
;V-3187;CESAB;DRAGO 150G /NOT WORKING/;V1;SZ;SAUD;14;D;M-0175;;
;V-3189;HAULOTTE;COMPACT 8SN /NOT WORKING/;V1;SZ;SAT;1;B;;;
;V-3190;NISSAN;BFG03A40U;SOLD;;;;;;;
;V-3193;IRION;IRION DFG40 14 45 ZS;V2;BEU;;;;M-0779;;
;V-3194;MITSUBISHI;FD40N;V2;CS1;E;3;A;;A-0398;
;V-3195;LINDE;L16 /372/ /INITIAL LIFT/;V1;BE;RTE;3;A;M-0854;;
;V-3198;n/a;DAEWOO D45SC-5 ELBONTVA;ÉRTÉKEN;;;;;;;
;V-3199;MITSUBISHI;FG15T;V2;CS2;;14;F;;;
;V-3201;MITSUBISHI;FD15TAC;V1;BE;SAJ;4;A;;;
;V-3202;MITSUBISHI;FD25TAC;V2;CS1;E;1;C;;;
;V-3203;JUNGHEINRICH;EMC 10G SWIFT;V2;CS1;O;38;C;;;
;V-3204;JUNGHEINRICH;EMC 10 SWIFT;V2;CS1;O;38;C;;;
;V-3206;KOMATSU;FG30S-3;V1;BE;UBH;13;A;;;
;V-3208;CLUBCAR;CLUBCAR;V1;SZ;PAR;8;A;;;
;V-3209;STILL;EGV12;V1;SZ;SAT;5;E;;;
;V-3210;TOYOTA;2TD20 CLUTCH/ /NOT WORKING/;V2;CS2;;16;D;;;
;V-3211;TOYOTA;2TD20 CLUTCH/ /NOT WORKING/;V2;CS2;;18;D;;;
;V-3212;TOYOTA;2TD25 CLUTCH/ /NOT WORKING/;V2;CS2;;18;C;;;
;V-3213;TOYOTA;2TD20 CLUTCH/ /NOT WORKING/;V2;CS2;;17;D;;;
;V-3214;TOYOTA;2FB09;V1;BE;BFE;11;C;;;
;V-3217;NISSAN;NASH01-M09 /CLUTCH/;V1;BE;RFE;7;A;;;
;V-3219;MITSUBISHI;FD35T;V2;CS2;;15;I;;;
;V-3220;LINDE;L16 /372/;V1;BE;RTE;3;C;;;
;V-3221;STILL;R50-10L;V1;BE;BFE;11;C;;;
;V-3222;LINDE;L10B /379/;V2;CS1;O;41;C;;;
;V-3223;LINDE;E18P /335/;V2;CS1;O;29;A;;;
;V-3224;TOYOTA;7FDF15 /02/;V2;CS2;;1;E;;;
;V-3225;TOYOTA;7FDF15 /02/;V2;CS2;;2;E;;;
;V-3226;TOYOTA;7FDF15 /02/;V2;CS2;;1;E;;;
;V-3227;KOMATSU;FD20T-12 LEO /SIMPLE/;V1;BE;BFE;1;A;;;
;V-3230;LINDE;H16T /350/;V2;CS2;;13;E;;;
;V-3232;KOMATSU;FG15S-15;V1;BE;UBH;12;A;;;
;V-3234;LINDE;L10B /172/;V1;BE;RTE;3;C;;;
;V-3235;STILL;R50-10L ;V1;SZ;M2FO;7;B;;;
;V-3236;CATERPILLAR;GP25T;V2;CS1;E;9;D;M-1039;;
;V-3237;JLG;TOUCAN 860 /NOT WORKING/;V1;SZ;SAT;6;C;;;
;V-3238;JLG;TOUCAN 860 /NOT WORKING/;V1;SZ;SAT;6;B;;;
;V-3239;JUNGHEINRICH;DFG20A-G321ZT /NOT WORKING/;V1;SZ;SAUD;10;F;;;
;V-3240;STILL;R50-12;V1;SZ;M2FO;8;C;;;
;V-3241;STILL;R50-10 ;V1;SZ;M2FO;8;B;M-0831;;
;V-3242;CLARK;DPM25N;V1;SZ;SAUD;2;F;;;
;V-3243;STILL;M15 SAXBY;V1;SZ;SAUD;12;C;;;
;V-3244;HYSTER;H3.50XM;V1;BE;BEJ;;;;;
;V-3245;NISSAN;UGD02-A32PO;V2;CS1;E;22;E;;;
;V-3247;JUNGHEINRICH;EMC 10 SWIFT;V2;CS1;O;40;B;;;
;V-3248;LINDE;L12I /172/;V2;CS1;O;48;A;;;
;V-3249;STILL;EGV14;V1;BE;RTE;4;A;;;
;V-3250;NISSAN;FJ02A25U;V2;CS1;E;5;B;M-0687;;
;V-3251;NISSAN;H01A18U;V2;CS2;;10;F;;;
;V-3252;CATERPILLAR;V350D;V1;BE;SAB;5;B;M-0753;;
;V-3253;HYSTER;H3.00XM;V2;CS1;E;23;E;;;
;V-3254;KARCHER;KM 120/150R LPG /NOT WORKING/;V1;SZ;M1FE;;;;;
;V-3255;MITSUBISHI;FD20TAC;V2;CS1;E;7;C;;;
;V-3258;MITSUBISHI;FD25K;V2;CS1;E;1;B;;;
;V-3259;TCM;FG25-T3 ;V2;CS1;E;7;D;M-0722;;
;V-3260;PRAMAC LIFTER;TX12.29;V1;BE;BPA;8;A;;;
;V-3262;KOMATSU;FD35T-10 NXT;V1;SZ;M2FO;3;C;;;
;V-3263;HELI;CPCD50;V2;CS1;E;2;A;;;
;V-3264;TOYOTA;5FD15 /02/;V1;SZ;SAUD;7;F;;;
;V-3265;JUNGHEINRICH;EFGV22 /NOT WORKING/;V2;HSZTJ;;;;;;
;V-3266;CLARK;CMP18LP;SOLD;;;;;;;
;V-3267;BT;S10;V1;BE;RTE;2;A;;;
;V-3268;LINDE;HD15F;V1;SZ;SAUD;13;E;M-0531;;
;V-3270;KOMATSU;FD25T-16R NXT;V2;CS1;E;14;C;;;
;V-3271;STILL;EXU18 /INITIAL LIFT/;V1;BE;RTE;2;C;;;
;V-3272;KOMATSU;FD30T-11E ;V2;CS1;E;23;B;;;
;V-3273;JUNGHEINRICH;TFG20A /YALE/;V1;SZ;SAUD;11;D;;;
;V-3274;LINDE;H20CT-600-03 /350/;V2;CS1;E;16;C;M-1077;;
;V-3275;JUNGHEINRICH;DFG320;V1;SZ;SAUD;11;F;;;
;V-3280;MITSUBISHI;FD20T;V2;CS1;E;1;A;;;
;V-3281;LINDE;H18D-03 /350/;V2;CS2;;10;E;;A-0438;
;V-3282;TOYOTA;7FG15 /02/;V2;CS2;;9;G;M-1090;;
;V-3283;STEINBOCK BOSS;CL16C;V1;BE;UBH;14;B;;;
;V-3284;CATERPILLAR;GP15K;V2;CS2;;13;F;;;
;V-3285;CLARK;CGP16;V1;BE;RFE;7;C;M-0051;;
;V-3288;CATERPILLAR;DP20T;V1;BE;BTE;6;D;;;
;V-3289;TOYOTA;6FGF15 /42/;V2;CS2;;8;F;M-1104;;
;V-3290;NISSAN;WGF03A40U ;V2;CS1;E;16;A;;;
;V-3292;AICHI;FRANZ RICHTER /6PC/;V1;BE;BPA;11;E;;;
;V-3293;TOYOTA;2FD25 /02/;V1;SZ;SAUD;13;A;;;
;V-3294;HYSTER;H2.50XM;SOLD;;;;;;;
;V-3295;LINDE;H30D /393/ /NOT WORKING/;V2;CS2;;10;E;;;
;V-3296;UPRIGHT;SL20;V1;SZ;SAT;4;B;;;
;V-3299;STEINBOCK BOSS;WP14;V1;BE;RTE;3;B;M-1081;;
;V-3301;LINDE;H80D /353/ ;V1;BE;BEJ;;;;;
;V-3302;GUPPO;TRAILER;V2;HSZTJ;;11;C;;;
;V-3303;GUPPO;TRAILER;V2;HSZTJ;;11;C;;;
;V-3304;GUPPO;TRAILER;V2;HSZTJ;;11;C;;;
;V-3305;GUPPO;TRAILER;V2;HSZTJ;;11;C;;;
;V-3307;TOYOTA;7FGF15 /42/;V2;CS2;;7;F;;;
;V-3310;CATERPILLAR;F30;V1;SZ;M2FO;5;B;M-1040;;
;V-3311;STEINBOCK BOSS;E16-55MP;V1;BE;BFE;10;B;M-1041;;
;V-3313;JUNGHEINRICH;EMC 110 SWIFT;V1;BE;RTE;4;B;;;
;V-3315;STILL;GD1203101;V1;BE;BPA;9;E;;;
;V-3316;BT;LPE240/M /WEIGHING/;V2;CS1;O;31;B;;;
;V-3317;BT;OSE250;V2;CS1;O;30;B;;;
;V-3318;BT;OSE120CB;V2;CS1;O;49;A;;;
;V-3319;BT;LSV1250;V1;BE;RTE;3;A;;;
;V-3320;BT;SWE120L;V2;CS1;O;46;B;M-1054;;
;V-3321;BT;OSE120CB;V2;CS1;O;49;A;;;
;V-3323;BT;OSE120CB;V2;CS1;O;49;A;;;
;V-3325;PRAMAC LIFTER;LIFTER FLX30D /HC/;V2;CS1;E;21;E;;;
;V-3326;CLARK;CEM25S;V1;SZ;M2FE;;;M-1043;;
;V-3327;LINDE;E18C /335/ /NOT WORKING/;V1;SZ;SAT;1;F;M-0493;;
;V-3328;LINDE;E18C /335/ /NOT WORKING/;V1;SZ;SAT;1;F;M-0922;;
;V-3329;KOMATSU;FG20T-14 LEO+;V2;CS1;E;7;D;;;
;V-3330;TOYOTA;7FGU25 ;V2;CS1;E;10;D;;;
;V-3332;TOYOTA;6FG25 /42/;V2;CS1;E;11;D;M-0862;;
;V-3334;TOYOTA;5FD35 /02/;V2;CS2;;14;I;;;
;V-3335;LINDE;H25D-03 /351/;V2;CS2;;12;E;M-0523;;
;V-3336;LINDE;H30D /393/ ;V2;CS1;E;11;A;;;
;V-3337;LINDE;H20D;V2;CS1;E;10;A;M-0524;;
;V-3338;LINDE;H20CT-600-03 /350/;V2;CS1;O;34;A;M-1078;;
;V-3340;TOYOTA;5FD25;V2;CS1;E;4;C;M-0909;;
;V-3341;KOMATSU;FG15T-14;V1;SZ;FBG;;;BÉRBEADVA;;BUGYI
;V-3343;JLG;CM2558;V1;SZ;SAT;1;A;;;
;V-3349;MITSUBISHI;FD30T;V2;CS2;;4;J;;;
;V-3350;CATERPILLAR;DP20CN;V1;BE;SAJ;5;B;;;
;V-3351;MITSUBISHI;FG18T;V2;CS2;;14;G;M-1103;;
;V-3352;KOMATSU;FG40T-7;V2;CS2;;14;J;;A-0401;
;V-3353;HAULOTTE;COMPACT 8;V1;SZ;SAT;1;C;;;
;V-3354;MITSUBISHI;FG15TAC;V1;BE;SAB;4;B;;;
;V-3355;MEGA;MEGA /NOT WORKING/;V1;SZ;PAR;13;B;;;
;V-3358;TOYOTA;7FBMF25;V1;SZ;M2FO;1;A;;;
;V-3359;STILL;EFG 1,2;V1;SZ;M2FO;8;A;M-1083;;
;V-3360;STILL;R50-15;V1;SZ;M2FO;7;C;M-1074;;
;V-3361;STILL;EFG 1.5/5004;V1;SZ;M2FO;7;A;M-0530;;
;V-3362;TAILIFT;FBT18ZET;V1;SZ;M2FO;3;B;;;
;V-3363;TAILIFT;TAILIFT FD15T-40 /CLUTCH/;V1;BE;SAB;11;A;;;
;V-3364;LINDE;CITI T05 /130/;V1;SZ;IFO;;;;;
;V-3365;OM;BIM 20;V2;HSZTJ;;7;B;;;???
;V-3366;CATERPILLAR;GC15K;V1;BE;RFE;9;B;M-0607;;
;V-3367;KOMATSU;FG40Z ;V2;CS1;H;27;C;M-0578;;
;V-3368;NISSAN;MCPI-F15A;V2;CS1;O;35;C;M-0120;;
;V-3369;MATRAL;SC157;V1;BE;UBH;14;A;;;
;V-3370;JLG;TOUCAN 860 /NOT WORKING/;V1;SZ;SAT;6;F;;;
;V-3372;TRACMA;TX20;V2;CS2;;19;C;;;
;V-3373;JLG;1230ES;V1;BE;BFE;2;B;;;
;V-3374;MITSUBISHI;FD20K (MC-T);V2;CS2;;17;F;;;
;V-3375;CLARK;GPM15;V1;SZ;SAUD;11;C;M-1085;;
;V-3376;MIC;CL16H /NOT WORKING/;V1;SZ;SAUD;9;D;M-1086;;
;V-3378;LINDE;H18T-03 /NOT WORKING/;V2;CS2;;5;F;M-1087;;
;V-3379;CLARK;DPM30N ;V1;SZ;SAUD;14;B;;;
;V-3380;TCM;FG10N16C /CLUTCH/;V1;BE;RFE;4;C;;;
;V-3381;TOYOTA;7FD40 /02/ ;V2;CS1;E;17;A;;;
;V-3382;TOYOTA;8FDJF35 /52/ ;V2;CS1;E;16;F;;;
;V-3383;FIAT;E10N;V1;BE;BFE;10;C;;;
;V-3384;LINDE;L16 /372/ WIDE /USA STANDART/;V2;CS1;O;49;C;;;
;V-3385;MAFI;1060-2;V2;CS2;;3;E;;;
;V-3386;STEINBOCK BOSS;EMC 10G SWIFT;V1;BE;RTE;1;A;;;
;V-3387;KRÜGER;3;V2;CS2;;8;E;;;
;V-3388;BT;TAXIWAGEN;V2;CS1;I;;;;;
;V-3389;BT;TAXIWAGEN;V2;CS1;I;;;;;
;V-3390;AICHI;SCF03;V2;CS2;;8;E;;;
;V-3391;STILL;EGV10;V1;SZ;SAT;5;D;;;
;V-3392;NISSAN;UJ02-A20U;V1;BE;BTE;16;B;;;
;V-3393;AICHI;FIELITZ FHW-05;V2;CS2;;7;E;;;
;V-3394;AICHI;OTTO SCHULER;V2;CS2;;7;E;;;
;V-3395;AICHI;TRAILER;V2;CS2;;7;E;;;
;V-3396;AICHI;OLAUFFULLGERAT TRIEBWERK WSF-4 TORNADO;V1;BE;BTP;;;;;
;V-3397;PEFRA;3100;V2;HSZTJ;;11;E;;;
;V-3398;JUNGHEINRICH;EJE C20 ;V1;BE;RTE;4;B;;;
;V-3400;JUNGHEINRICH;EJE C20;V1;BE;RTE;3;B;;;
;V-3401;JUNGHEINRICH;EJE C20;V1;BE;RTE;3;B;;;
;V-3402;JUNGHEINRICH;EJE C20;V1;BE;RTE;3;B;;;
;V-3403;LINDE;E12;V1;BE;BFE;11;B;M-1096;;
;V-3404;KARUS;SS105;V1;SZ;SAT;1;A;;;
;V-3405;AIR-LOG;1240;V2;HSZTJ;;11;E;;;
;V-3407;AIR-LOG;1240;V2;HSZTJ;;11;E;;;
;V-3409;JLG;2030 F3;V1;SZ;SAT;4;C;;;
;V-3410;TOYOTA;3FD18 ;V1;BE;SAJ;6;B;;;
;V-3411;MITSUBISHI;FG25N;V2;CS2;;10;I;M-1100;;SOLD(?)
;V-3413;LINDE;H16T-01 /391/ ;V1;BE;BTE;9;A;M-1105;;
;V-3416;KOMATSU;FD20T-14 LEO+;V1;SZ;LAF;6;;;;
;V-3417;DOOSAN;D30S-3;V2;CS2;;2;J;;A-0024;
;V-3418;JUNGHEINRICH;CL16C GE100 435DZ;V1;BE;UBH;14;C;;;
;V-3419;DESTA;DVHM 2022LX;V1;BE;UJH;14;B;;;
;V-3420;TOYOTA;2TD25 /02/;V2;CS2;;17;C;;;
;V-3421;TOYOTA;2TD25 /02/;V2;CS2;;18;B;;;
;V-3424;NISSAN;EH02A25U ;V2;CS1;E;9;C;M-1050;;
;V-3425;LINDE;H20 /391/;V2;CS1;E;16;C;;;
;V-3426;LINDE;L12 /379/;V2;CS1;O;48;A;;;
;V-3427;NISSAN;EH02A25U;V2;CS1;E;9;C;M-0152;;
;V-3428;LIBERTY;EG2068T;V1;SZ;PAR;9;B;;;
;V-3430;LINDE;L12 /379/;V2;CS1;O;46;A;;;
;V-3431;HELI;CDD12;V1;BE;RTE;3;B;;;
;V-3432;PRAMAC LIFTER;GX12/35;V1;BE;RTE;3;A;;;
;V-3433;TOYOTA;6FDF25 /62/;V1;SZ;SAUD;5;F;M-0795;;
;V-3434;TOYOTA;7FDF30 /02/;V2;CS1;E;19;F;;;
;V-3437;AICHI;TRAILER;V2;CS2;;8;E;;;
;V-3438;CLARK;DPM30N;SOLD;;;;;;;
;V-3439;YALE;GDP30TF ;V1;BE ;UJE;8;B;M-0631;;
;V-3440;KOMATSU;FD15-12;V1;BE;SAJ;7;A;;;
;V-3441;DAEWOO;D25S-3 ECO;V1;SZ;SAUD;3;F;;;
;V-3442;TOYOTA;5FD20 /02/ ;V1;BE;UJE;2;B;;;
;V-3445;TOYOTA;6FGF18 /42/;V2;CS2;;9;F;;;
;V-3446;TOYOTA;3FG45 /02/;V1;SZ;SAUD;6;A;;;
;V-3447;MITSUBISHI;FG14 2K ;V2;CS2;;2;F;;;
;V-3448;NISSAN;FJ01A-18J /FD18/;V1;SZ;LAF;3;;;;
;V-3449;JLG;TOUCAN DUO /NOT WORKING/;V1;SZ;M1VE;;;;;
;V-3450;JLG;2030ES /NOT WORKING/;V1;SZ;SAT;4;C;;;
;V-3451;HYSTER;H2.50XL;V1;BE;BFE;6;A;;;
;V-3452;MITSUBISHI;FD25T;V1;SZ;SAUD;4;C;M-0121;;
;V-3453;TOYOTA;6FGF15 /42/;V2;CS2;;8;F;;;
;V-3454;KOMATSU;FG15T-15;V1;BE;BTE;15;A;;;
;V-3456;DOOSAN;D25S-3;V2;CS1;E;4;B;M-0680;;
;V-3457;GEHL;SL4640;V2;EKJ;;;;;A-0393;
;V-3458;BALKANCAR;EV656.33;V1;SZ;M2FO;4;C;;;
;V-3460;ROFAN;ZH4;V2;CS2;;4;H;;;
;V-3461;ROFAN;ZH4;V2;CS2;;5;J;;;
;V-3463;HAULOTTE;COMPACT 8 /NT/;V1;BE;BFE;1;B;;;
;V-3465;NISSAN;FJ02A-25 ;V2;CS1;E;10;C;;;
;V-3466;IHI;IS-14G3;V1;BE;UBE;1;A;;;
;V-3467;PRAMAC LIFTER;GX12/35 PLUS;V1;BE;RTE;2;C;;;
;V-3468;GROVE;TOUCAN 880 /NOT WORKING/;V1;SZ;HSZT;;;;;
;V-3469;CATERPILLAR;DP40KL-2 ;V2;CS1;E;4;A;;;
;V-3472;TOYOTA;5FD35 /02/;V2;CS1;E;12;A;;;
;V-3473;HYSTER;H2.50XM /NOT WORKING/;V1;SZ;M1UD;;;M-0128;;
;V-3474;YALE;TFG20A /JUNGHEINRICH/;V1;SZ;SAUD;12;D;M-0165;;
;V-3476;TOYOTA;8FDF15 /02/;V1;BE;SAJ;2;A;;;
;V-3478;HAACON;S/LK850-2114266;SOLD;;;;;;;
;V-3479;PEFRA;4000;V2;HSZTJ;;11;C;;;
;V-3480;PEFRA;4000;V2;HSZTJ;;11;B;;;
;V-3481;MANITOU LOC MANULOC;MCE40H;V1;BE;UBE;8;B;;;
;V-3482;PRAMAC LIFTER;CX12;V1;BE;BTE;3;A;;;
;V-3483;MITSUBISHI;FD25TAC;V1;BE;BTE;7;E;;;
;V-3485;MITSUBISHI;FG15K;V2;CS1;E;18;D;M-0038;;
;V-3487;KOMATSU;FG15T-12;V1;BE;RFE;4;B;;;
;V-3488;GUPPO;??;V2;HSZTJ;;11;C;;;
;V-3489;JUNGHEINRICH;TFG16;V1;SZ;SAUD;10;D;;;
;V-3490;JUNGHEINRICH;HC-110;V1;SZ;RIR;;;;;
;V-3491;EZGO;TXT PDS;V1;SZ;PAR;12;B;;;
;V-3493;TOYOTA;2TG20 /02/;V2;CS2;;16;E;;;
;V-3494;CLUBCAR;PRECEDENT;V1;SZ;PAR;1;A;;;
;V-3495;CLUBCAR;PRECEDENT;V1;SZ;PAR;2;B;;;
;V-3496;LIBERTY;A156+2;V1;SZ;PAR;7;B;;;
;V-3497;LINDE;E18P-02;V1;SZ;M1FE;;;;;
;V-3498;HAULOTTE;HA12I;V1;SZ;LAU;;;;;
;V-3499;LIBERTY;A152+2;V1;SZ;PAR;5;B;;;
;V-3500;LIBERTY;A1H2;V2;CS1;I;2;B;;;
;V-3501;LIBERTY;A152/SC;V1;SZ;PAR;9;A;;;
;V-3502;LIBERTY;A1H2;V1;SZ;PAR;10;A;;;
;V-3503;LINDE;H15T;V1;BE;RFE;5;B;;;
;V-3504;TURBOSOL;TM27.45 DCB;SOLD;;;;;;;
;V-3505;MANITOU LOC MANULOC;120TH;V1;BE;UBE;4;A;;;
;V-3506;LINDE;LIN L12 /379/;V1;BE;RTE;1;A;M-0508;;
;V-3507;STILL;R70-16D;V1;SZ;SAUD;14;C;;;
;V-3508;BT;SWE20D;V1;SZ;SAT;4;E;;;
;V-3509;SOVAM;K22;V2;CS2;;17;C;;;
;V-3510;BAOLI;QD18;V1;BE;RFE;5;C;M-1114;;
;V-3511;TOYOTA;7FDF25 /62/;V1;SZ;SAUD;6;F;M-0684;;
;V-3512;CATERPILLAR;GP30N;V2;CS1;E;18;F;;;
;V-3513;HC HANGCHA;CPCD35N;V1;BE;BFE;13;A;M-0570;;
;V-3514;PATRIA;PFG35T A-1;V1;BE;RFE;1;B;;;
;V-3515;TOYOTA;4FG20 /40/ CLUTCH;SOLD;;;;;;;
;V-3516;TOYOTA;5FG40 /02/;V2;CS1;E;11;A;;A-0126;
;V-3519;KALMAR;DCE120-6 /AKTIVÁLT/;V1;SZ;KSZT;;;;A-0372;AKTÍV 
;V-3520;TOYOTA;2TG20 /02/;V2;CS2;;17;B;;;
;V-3521;NISSAN;1N1L18Q;V1;SZ;SAT;3;F;M-0610;;
;V-3522;NISSAN;1N1L18Q;V1;SZ;SAT;3;F;M-0608;A-0318;
;V-3523;DAEWOO;D30S-3;V2;CS2;;2;I;M-0591;A-0414;
;V-3524;DAEWOO;D15S-2;V1;SZ;SAUD;12;F;M-1080;;
;V-3525;MITSUBISHI;FG15K;V1;BE;SAB;4;B;;;
;V-3526;n/a ;CAT DP25K ELBONTVA;ÉRTÉKEN;;;;;;;
;V-3528;MITSUBISHI;FD30TAC;V2;CS1;E;17;E;;;
;V-3529;JCB;8018 /AKTIVÁLT/;V1;BE;UBE;1;C;;;AKTÍV 2020.01.01.
;V-3530;STILL;RX50-13;V1;SZ;M2FO;6;C;;;
;V-3531;n/a;STILL RX50-13 ELBONTVA;ÉRTÉKEN;;;;;;;
;V-3537;n/a;STILL RX50-16 ELBONTVA;ÉRTÉKEN;;;;;;;
;V-3538;STILL;RX50-16;V1;SZ;M2FO;6;B;;;
;V-3539;STILL;RX50-13;V1;BE;BFE;8;C;;;
;V-3540;GERKINGEN;EGV 12/35;V1;BE;RTE;2;A;;;
;V-3541;LINDE;XG10;V1;BE;RTE;2;B;;;
;V-3542;  n/a;6405L;V1;BE;BPA;13;D;;;
;V-3543;  n/a;6405L;V1;BE;BPA;13;E;;;
;V-3544;  n/a;6405L;V1;BE;BPA;13;E;;;
;V-3545;  n/a;6405L;V1;BE;BPA;13;E;;;
;V-3546;  n/a;6405L;V1;BE;BPA;13;E;;;
;V-3547;YALE;CPD50;V1;SZ;SAUD;4;A;;A-0412;
;V-3548;JUNGHEINRICH;EMC 10;V1;SZ;SAT;5;F;;;
;V-3549;CATERPILLAR;DP45N;V1;SZ;M1UD;;;;;
;V-3550;EZGO;BOX;V1;SZ;PAR;6;A;;;
;V-3556;GROVE;TOUCAN 1100;V1;SZ;SAT;6;A;;;
;V-3557;SOVAM;K22;V2;CS2;;17;E;;;
;V-3558;MITSUBISHI;FD15T;V1;BE;SAB;5;A;;;
;V-3559;JUNGHEINRICH;ETVA12G;V2;CS2;;18;J;M-0647;;
;V-3560;JUNGHEINRICH;EJE20G;V2;CS1;O;45;C;;;
;V-3561;GUPPO;2200/1050;V2;CS2;;3;E;;;
;V-3562;BALKANCAR;ET508;V2;CS1;M;1;A;;;
;V-3563;BALKANCAR;EP001 ;V2;CS2;;6;E;;;
;V-3564;BALKANCAR;EV687 ;V2;CS1;O;32;A;;;
;V-3565;KOMATSU;FB20-8  ;V2;HSZTJ;;5;B;M-0327;A-0065;
;V-3566;LINDE;T18;V2;CS1;O;48;C;;;
;V-3567;BALKANCAR;EV687;V2;CS1;O;29;B;;;
;V-3568;JUNGHEINRICH;ERC 12,5G ;V2;HSZTJ;;3;C;M-0542;;
;V-3569;BALKANCAR;EV687 ;V2;CS1;O;29;B;M-0650;;
;V-3570;BALKANCAR;EP001;V2;CS2;;3;E;;;
;V-3571;BALKANCAR;F3.ER10-001 ;V2;CS2;;7;E;;;
;V-3572;BALKANCAR;EP001-7 CURTIS;V2;CS2;;7;E;;;
;V-3573;TVH;TRAILER 2000/1000 ;V2;CS2;;3;E;;;
;V-3574;TOYOTA;5FG15 /02/;SOLD;;;;;;;
;V-3576;TOYOTA;4FBL15;V1;SZ;FBG;2;C;;;
;V-3577;MITSUBISHI;FBS15-48 ;V1;SZ;M2FO;5;B;M-0374;;
;V-3578;LINDE;T16 LONG;V2;CS1;O;47;C;;;
;V-3579;n/a;CAT GP18N ELBONTVA;ÉRTÉKEN;;;;;;;
;V-3580;OM PIMESPO;BI20CL;V1;BE;RFE;6;B;;;
;V-3581;KOMATSU;FG25C-8 /CLUTCH/;V1;BE;RFE;9;A;;;
;V-3583;TOYOTA;3FD30 /02/;SOLD;;;;;;;
;V-3584;BALKANCAR;EV695 ;V2;HSZTJ;;4;A;;;
;V-3586;HYSTER;H1,50XL;SOLD;;;;;;;
;V-3588;n/a;LINDE H16T-03 /350/ ELBONTVA;ÉRTÉKEN;;;;;;;
;V-3589;LINDE;H20T-03 /350/;V1;BE;RFE;5;A;M-0072;;
;V-3590;CLARK;CMP15L;V2;CS1;E;15;D;;;
;V-3591;CLARK;CMP15L;V2;CS1;E;15;D;;;
;V-3592;MITSUBISHI;FG18N;V2;CS2;;13;G;M-0548;;
;V-3593;MITSUBISHI;FG18N;V2;CS1;E;16;D;M-1011;;
;V-3594;JUNGHEINRICH;EFG-DF15 SPGE115-330ZT;V2;CS1;O;44;A;;;
;V-3595;MITSUBISHI;FD30N;V2;CS1;E;24;F;;;
;V-3596;NISSAN;FD01-A15Q;V2;CS1;E;11;C;;;
;V-3597;LINDE;R14;V2;CS2;;19;J;M-0648;;
;V-3598;BALKANCAR;EV351;V1;SZ;M2FO;4;C;;;
;V-3599;RAK;7B (SERVO STEERING)/CLUTCH/;V1;BE;SAB;12;B;;;
;V-3600;TCM;FG15 T19;V1;BE;SAB;1;B;;;
;V-3601;GUPPO;TRAILER 2000/2000;V2;HSZTJ;;11;B;;;
;V-3603;KOMATSU;FG30T-1E;V1;SZ;LAF;3;;;;
;V-3604;STEINBOCK BOSS;QX30D-5E1;SOLD;;;;;;;
;V-3606;BALKANCAR;EP006.2 DUMPER /NOT WORKING/;V2;CS2;;6;E;;;
;V-3608;CLARK;CMP25D SAMSUNG;V2;CS1;E;1;A;;;
;V-3609;STILL;EGV14;V1;BE;RTE;4;A;M-0897;;
;V-3610;NISSAN;FGJ02A30;V1;SZ;LAF;5;;;;
;V-3611;JUNGHEINRICH;ECP 100;V2;CS1;O;48;A;;;
;V-3612;STEINBOCK BOSS;DFG40;V2;CS1;E;7;A;M-0890;;
;V-3613;NISSAN;PJ01A15U;V2;CS2;;9;G;;;
;V-3614;KOMATSU;FG15HT-16 LEO;SOLD;;;;;;;
;V-3615;GUPPO;TRAILER 2500/2600;V2;BEU;;;;;;
;V-3616;STEINBOCK BOSS;WP16;V1;BE;RTE;4;C;M-0667;;
;V-3617;BT;CBG15;V1;BE;BTE;1;D;;;
;V-3618;RAK;7B (SERVO STEERING)/CLUTCH/;V1;BE;SAB;11;B;;;
;V-3619;BALKANCAR;DV1788 /NOT WORKING/;V2;HSZTJ;;10;F;;;
;V-3620;NISSAN;FGJ02-A30;V2;CS1;E;24;E;;;
;V-3621;HELI;CPCD18D;V1;BE;SAJ;4;B;;;
;V-3622;BALKANCAR;DV1788 /NOT WORKING/;V2;HSZTJ;;10;E;;;
;V-3623;YALE;GDP40 (JUNGHEINRICH DFG 40);V1;BE;BFE;14;A;;;
;V-3624;DESTA;MV12B;V1;BE;SAB;12;B;M-0634;;
;V-3625;LINDE;E14C-02 /335/;V2;CS1;O;41;A;M-0752;;
;V-3626;BT;CBG 3.0;V2;CS2;;6;I;;;
;V-3627;LINDE;L12;V2;CS1;O;41;C;;;
;V-3628;BALKANCAR;DV1792.33.23 /NOT WORKING/;V2;HSZTJ;;10;F;;;
;V-3629;LINDE;L12;V2;CS1;O;41;C;;;
;V-3630;STILL;M15 SAXBY;V1;BE;SAJ;6;A;;;
;V-3631;DAEWOO;G30E-3 ;V2;CS1;E;15;F;;;
;V-3632;LINDE;H16T-03 /350/ ;V2;CS2;;5;F;;;
;V-3633;TOYOTA;5FD45;V2;CS2;;13;I;;;
;V-3634;JUNGHEINRICH;ETVA10G ;V2;CS2;;18;J;M-0646;;
;V-3635;STILL;FM14 /NOT WORKING/;V2;CS2;;20;I;M-0533;;
;V-3636;JUNGHEINRICH;ETV116 GE115710DZ;V2;CS2;;20;J;M-0246;;
;V-3637;JUNGHEINRICH;ETV116 GE115710DZ;V2;CS2;;20;I;M-0221;;
;V-3638;TOYOTA;7FBRE 20-1;V2;CS2;;19;I;M-0382;;
;V-3639;LINDE;H16T-03;V2;CS1;O;32;A;M-0751;;
;V-3640;BALKANCAR;DV1788.33.23 /NOT WORKING/;V1;BE;UJE;6;B;;;
;V-3641;HYSTER;A1,00XL;V2;HSZTJ;;2;A;M-0200;;
;V-3642;STILL;R70-16;V1;SZ;SAUD;14;D;M-0856;;
;V-3644;ARMANNI;DELTA SLTP 155/25;V1;BE;RTE;1;B;;;
;V-3645;KOMATSU;FG30T-12 LEO;V1;SZ;LAF;4;;;;
;V-3646;BALKANCAR;EV687;V2;CS1;O;29;C;;;
;V-3647;JUNGHEINRICH;ETV216 GE...941DZ;V2;CS2;;20;J;M-0299;;
;V-3648;BALKANCAR;DV1784.33.23 /NOT WORKING/;V1;BE;BFE;7;A;;;
;V-3649;KOMATSU;FB10-5;V2;HSZTJ;;8;F;M-0512;;
;V-3650;HYSTER;H 1,75XM;V2;CS1;E;14;D;M-0322;;
;V-3651;TOYOTA;7FGF18 /42/;V2;CS2;;13;G;;;
;V-3652;BALKANCAR;DV1788;V1;BE;UJH;10;B;;;
;V-3653;GUPPO;2600/2500;V2;HSZTJ;;11;B;;;
;V-3655;BALKANCAR;EV717 /NO BATTERY/;V2;CS1;O;30;C;;;
;V-3656;NISSAN;NH01;V2;CS2;;9;F;;;
;V-3657;LINDE;H15D;V1;BE;SAJ;8;B;;;
;V-3658;KOMATSU;FD30T-16R NXT+ /NOT WORKING/;V1;BE;BTE;10;E;;;
;V-3659;KOMATSU;FD70T-7 LEO;V2;CS2;;6;C;;;
;V-3660;KOMATSU;FD25T-14 LEO+ ;V2;CS1;E;1;C;M-0511;A-0313;
;V-3661;DESTA;DVHM1321 ;V2;HSZTJ;;7;A;M-0124;;
;V-3663;LANCER BOSS;NE13MKIVA-1 /NO BATTERY/;V2;HSZTJ;;5;A;;;
;V-3664;STEINBOCK BOSS;PE16-50MP MK VI A-1;V2;HSZTJ;;2;A;;;
;V-3665;LOGITRANS;LOGITRANS EHS 1000/2850;V1;SZ;RIR;;;;;
;V-3666;BALKANCAR;EP001.3;V2;CS2;;7;E;;;
;V-3667;STEINBOCK BOSS;PE25MKVA3 /NO BATTERY/;V2;HSZTJ;;4;B;;;
;V-3668;KOMATSU;FD20T-11E;V2;CS1;E;1;D;;;
;V-3669;KOMATSU;FG18ST-16 LEO;V2;CS1;O;33;C;M-0609;;
;V-3670;CATERPILLAR;GC30T /NOT WORKING/;V2;CS2;;17;G;;;
;V-3671;TOYOTA;7FGF15 /42/;V2;CS1;E;20;C;;;
;V-3672;NISSAN;H01A15;V2;CS2;;10;G;;;
;V-3673;TOYOTA;7PM18;V1;BE;RTE;3;C;;;
;V-3674;JUNGHEINRICH;EJC110;V2;CS1;O;40;C;;;
;V-3676;CATERPILLAR;GP15N;V2;CS2;;11;F;;;
;V-3677;KOMATSU;FG30T-15 NXT;V2;CS1;E;4;F;;;
;V-3678;DESTA;DVHM2022 /NOT WORKING/;V2;HSZTJ;;9;E;;;
;V-3680;MITSUBISHI;FB20PN /NEW/ /AKTIVÁLT/;V2;CS1;O;35;C;;;AKTÍV
;V-3681;BALKANCAR;DV1733 /CLUTCH/;V1;SZ;SAUD;1;A;;;
;V-3682;DESTA;DVHM2522;V2;HSZTJ;;9;F;;;
;V-3685;KOMATSU;FB15-5;V2;HSZTJ;;8;E;;;
;V-3686;TOYOTA;7FGF18 /BT.GT18/;V2;CS1;E;20;C;;;
;V-3687;LINDE;H14T /391/ ;V2;CS1;O;38;A;;;
;V-3688;LINDE;H14T /391/;V2;CS1;O;37;A;;;
;V-3689;LINDE;H14T /391/;V2;CS1;O;38;A;;;
;V-3691;TAKRAF;DFG1002 ;V2;HSZTJ; ;6;A;;;
;V-3692;JUNGHEINRICH;EJC10;V1;BE;RTE;4;B;;;
;V-3693;PRAMAC LIFTER;XL14/45 A.L.;V1;BE;RTE;2;A;;;
;V-3694;MITSUBISHI;FD15N /AKTIVÁLT/;V2;CS1;E;2;C;;;AKTÍV
;V-3695;TOYOTA;6FGF15 /42/;V1;SZ;SAUD;6;C;;;
;V-3696;MITSUBISHI;FD20N /AKTIVÁLT/;V1;BE;SAJ;5;A;;;AKTÍV
;V-3697;STILL;EGV16;V1;BE;RTE;2;C;M-0629;;
;V-3698;MITSUBISHI;FD30N /AKTIVÁLT/;V2;CS1;E;2;A;;;AKTÍV
;V-3699;MITSUBISHI;FD15N /AKTIVÁLT/;V2;CS1;E;2;D;;;AKTÍV
;V-3700;NISSAN;DO1F-A15;V2;CS1;E;18;C;;;AKTÍV 2016.
;V-3701;NISSAN;FD30;V2;CS1;E;23;F;;;
;V-3702;TOYOTA;7FD18C;V1;BE;SAJ;2;B;;;
;V-3703;KOMATSU;FD25T-16 NXT;V2;CS1;E;13;C;;;
;V-3704;KOMATSU;FD25T-16 NXT;V2;CS2;;18;G;;;AKTÍV 2016.
;V-3705;KOMATSU;FG30HT-16 NXT;V2;CS1;E;7;F;;;AKTÍV 2016.
;V-3706;KOMATSU;FG30HT-16 NXT;V2;CS1;E;6;F;;;AKTÍV 2016.
;V-3707;KOMATSU;FG30HT-16 NXT;V2;CS1;E;7;F;;;AKTÍV 2016.
;V-3708;KOMATSU;FG30HT-16 NXT;V2;CS1;E;2;F;;;AKTÍV 2016.
;V-3709;KOMATSU;FG35T-7 LEO;V2;CS1;H;27;D;;A-0354;AKTÍV 2016.
;V-3710;NISSAN;WF-05;V2;CS2;;13;C;;;
;V-3711;KOMATSU;FD100-6 LEO;V1;BE;BEJ;;;M-0746;A-0015;AKTÍV 2016.
;V-3712;HAULOTTE;COMPACT 10;V1;SZ;SAT;3;A;;;
;V-3713;TEREX;TX55-19;V2;CS2;;16;C;;;AKTÍV 2016.
;V-3714;SAXON USED;RAMP;V2;OKBH;;;;;;AKTÍV 2016.
;V-3715;STILL;RX50-13;V1;SZ;SAT;2;F;M-0108;;
;V-3716;STILL;RX50-13 /JOYSTICK/;V1;SZ;SAT;2;E;M-0430;;
;V-3717;STILL;RX50-13;V1;SZ;SAT;2;F;M-0171;;
;V-3718;STILL;RX50-13;V1;SZ;SAT;2;D;M-0816;;
;V-3719;STILL;RX50-13 /JOYSTICK/;V1;SZ;SAT;2;E;M-0172;;
;V-3720;CLARK;GPM30L;V1;BE;UBH;10;B;M-0941;;
;V-3721;n/a;STEINBOCK CD22H ELBONTVA;ÉRTÉKEN;;;;;;;
;V-3723;TOYOTA;7FD30 /02/;SOLD;;;;;;;
;V-3724;MITSUBISHI;FB16NT-48E /COLDSTORE/;V1;BE;BFE;9;C;M-0583;A-0060;
;V-3725;NISSAN;PH01-A15U;V1;SZ;SAUD;8;C;;;
;V-3726;DAEWOO;D25S-3;V1;SZ;SAUD;4;F;;;
;V-3727;LINDE;P30 /132/;V1;SZ;M1FE;;;;;
;V-3728;LINDE;P30 /132/;V1;SZ;M1FE;;;;;
;V-3729;LINDE;L10AS /172/ WIDE;V1;SZ;SAT;3;E;;;
;V-3730;KALMAR;GCE80-6;V1;SZ;SAT;6;C;M-0913;A-0132;
;V-3731;KOMATSU;FD25T-11;V1;BE;UJE;3;B;;;
;V-3732;TOYOTA;5FG18 /42/;SOLD;;;;;;;
;V-3733;JUNGHEINRICH;EJC-Z14;V1;SZ;SAT;6;D;;;
;V-3734;STILL;EGV1200;V1;SZ;SAT;5;E;;;
;V-3735;TOYOTA;8FBET16;V1;SZ;M1VE;;;M-0081;;
;V-3736;MITSUBISHI;FD30T;V1;BE;BTE;6;E;;;
;V-3737;KALMAR;GCE60-6 ;COMING SOON;;;;;;;TRANSPALLET
;V-3738;HYSTER;H1,50XL;SOLD;;;;;;;
;V-3739;TOYOTA;2FG09 /CLUTCH/;SOLD;;;;;;;
;V-3740;CATERPILLAR;DP30K;V1;BE;BTE;11;E;;;
;V-3742;TOYOTA;7FGF18 /42/;COMING SOON;;;;;;;CAR-ELEVA
;V-3745;BALKANCAR;DV1632.33 ;V1;BE;SAJ;3;B;;;
;V-3746;TOYOTA;5FGF18 /42/;SOLD;;;;;;;
;V-3748;TOYOTA;2TG-25 /02/;V2;BEJ;;5;;;;
;V-3749;TOYOTA;7FD40 /02/;V1;SZ;M1UD;;;;;
;V-3750;CATERPILLAR;GP15N;V1;SZ;SAUD;5;D;;;
;V-3751;TOYOTA;7FGF18 /42/;COMING SOON;;;;;;;CAR-ELEVA
;V-3752;DAEWOO;D25S-3;COMING SOON;;;;;;;CAR-ELEVA
;V-3753;KOMATSU;FG15T-15;V1;SZ;M1SZ;;;;;
;V-3754;CATERPILLAR;GP25N;V1;SZ;M1UD;;;M-0129;;
;V-3755;STILL;RX50-15 ;V1;BE;BTE;2;D;M-0947;A-0420;AKTÍV 2021.01.01.
;V-3756;BALKANCAR;DV1784;V1;BE;UJH;11;B;;;
;V-3757;JUNGHEINRICH;EFG D 1,2G 95-290ZZ;V2;HSZTJ;;1;A;;;
;V-3758;BALKANCAR;DV1786.33.23;V1;SZ;FBG;;;BÉRBEADVA;;MOVÁR
;V-3759;DESTA;DVHM 2022LX;V1;BE;BFE;8;A;;;
;V-3760;TOYOTA;5FGF18 /42/;V1;BE;UBH;11;A;;;
;V-3761;TOYOTA;4FG15 /02/;SOLD;;;;;;;
;V-3763;MITSUBISHI;FD25N /NEW/ ;V2;CS1;E;2;F;;;AKTÍV 2021.01.01.
;V-3764;MITSUBISHI;FD25N /NEW/ ;V2;CS1;E;3;D;;;AKTÍV 2021.01.01.
;V-3765;OM PIMESPO;DI20CL ;COMING SOON;;;;;;;CAR-ELEVA
;V-3766;;;SOLD 2020;;;;;;;
;V-3767;MITSUBISHI;FD30N;V1;SZ;M1VE;;;;;
;V-3768;MITSUBISHI;FD30N;V1;SZ;M1SZ;;;;;
;V-3769;TOYOTA;6FDF15 /02/;V1;SZ;SAUD;8;E;;;
;V-3770;NISSAN;H01A-15U;V1;BE;SAB;2;A;;;
;V-3771;n/a;BT SV1000 ELBONTVA;ÉRTÉKEN;;;;;;;
;V-3772;n/a;BT SV1000 ELBONTVA;ÉRTÉKEN;;;;;;;
;V-3773;TOYOTA;7FDF30 /62/;V1;BE;BTE;15;E;;;
;V-3774;MITSUBISHI;FD35N;V1;BE;BTE;10;D;;A-0100;
;V-3775;TOYOTA;5FD33 /02/;V1;SZ;M1UD;;;;A-0198;
;V-3776;LINDE;H16D /350/;V1;SZ;SAUD;5;C;;;
;V-3777;TAKRAF;DFG 2002Z;V1;SZ;SAUD;1;D;;;
;V-3778;STILL;RX20-15;V1;SZ;SAT;1;E;M-0116;;
;V-3779;BALKANCAR;DV1792;V1;BE;UJH;12;B;;;
;V-3780;TOYOTA;4FG15;SOLD;;;;;;;
;V-3781;DIMEX;D50;SOLD;;;;;;;
;V-3782;BALKANCAR;DV1733;COMING SOON;;;;;;;MULTIGRADE
;V-3783;LINDE;H16D /350/;V1;SZ;SAUD;6;E;;;
;V-3784;TOYOTA;4FG15 /02/;V1;BE;SAB;7;A;;;
;V-3785;KOMATSU;FG15C-15 /CLUTCH/;V1;BE;SAJ;1;A;M-0564;;
;V-3786;JUNGHEINRICH;TFG16AK;COMING SOON;;;;;;;CHUF
;V-3787;MITSUBISHI;FB16KT;COMING SOON;;;;;;;CHUF
;V-3788;TAKRAF;DFG 3202N;V2;HSZTJ;;10;B;;;
;V-3789;TAKRAF;DFG 3202N;V2;HSZTJ;;10;C;;;
;V-3790;CLARK;SAMSUNG SF30D;COMING SOON;;;;;;;CAR-ELEVA
;V-3791;LINDE;CITI;COMING SOON;;;;;;;CHUF
;V-3792;LINDE;CITI;COMING SOON;;;;;;;CHUF
;V-3793;LINDE;CITI;COMING SOON;;;;;;;CHUF
;V-3794;LINDE;CITI;COMING SOON;;;;;;;CHUF
;V-3795;LINDE;CITI;COMING SOON;;;;;;;CHUF
;V-3796;LINDE;CITI;COMING SOON;;;;;;;CHUF
;V-3797;LINDE;CITI;COMING SOON;;;;;;;CHUF
;V-3798;NISSAN;FJ02-A25J;V1;SZ;SAUD;2;E;M-0179;;
;V-3799;KOMATSU;FB08-1;V1;SZ;SAT;1;D;;;
;V-3800;KOMATSU;FG14-15;V1;SZ;SAUD;12;B;;;
;V-3801;TOYOTA;5FGF15 /42/;V1;SZ;SAUD;11;B;;;
;V-3802;TOYOTA;7FGCU20;COMING SOON;;;;;;;CHUF
;V-3803;DESTA;DVHM 3222N;COMING SOON;;;;;;;CHUF
;V-3804;BALKANCAR;DV1792.33;COMING SOON;;;;;;;CHUF
;V-3805;BALKANCAR;DIMEX EP;COMING SOON;;;;;;;FESTO
;V-3806;;;;;;;;;;
;V-3807;;;;;;;;;;
;V-3808;;;;;;;;;;
;V-3809;;;;;;;;;;
;V-3810;;;;;;;;;;
